-- phpMyAdmin SQL Dump
-- version 5.1.1
-- https://www.phpmyadmin.net/
--
-- Servidor: 127.0.0.1
-- Tiempo de generación: 19-02-2024 a las 13:31:06
-- Versión del servidor: 10.4.22-MariaDB
-- Versión de PHP: 8.1.2

SET SQL_MODE = "NO_AUTO_VALUE_ON_ZERO";
START TRANSACTION;
SET time_zone = "+00:00";


/*!40101 SET @OLD_CHARACTER_SET_CLIENT=@@CHARACTER_SET_CLIENT */;
/*!40101 SET @OLD_CHARACTER_SET_RESULTS=@@CHARACTER_SET_RESULTS */;
/*!40101 SET @OLD_COLLATION_CONNECTION=@@COLLATION_CONNECTION */;
/*!40101 SET NAMES utf8mb4 */;

--
-- Base de datos: `db_elorrietazinemat5`
--

-- --------------------------------------------------------

--
-- Estructura de tabla para la tabla `aretoa`
--

CREATE TABLE `aretoa` (
  `aretoa_id` varchar(3) COLLATE utf8mb4_spanish2_ci NOT NULL,
  `zinema_id` varchar(2) COLLATE utf8mb4_spanish2_ci NOT NULL,
  `izena` varchar(30) COLLATE utf8mb4_spanish2_ci DEFAULT NULL
) ENGINE=InnoDB DEFAULT CHARSET=utf8mb4 COLLATE=utf8mb4_spanish2_ci;

--
-- Volcado de datos para la tabla `aretoa`
--

INSERT INTO `aretoa` (`aretoa_id`, `zinema_id`, `izena`) VALUES
('A1', 'Z1', 'Areto1'),
('A2', 'Z1', 'Areto2'),
('A3', 'Z1', 'Areto3'),
('A4', 'Z1', 'Areto4'),
('A5', 'Z1', 'Areto5'),
('A1', 'Z2', 'Areto1'),
('A2', 'Z2', 'Areto2'),
('A3', 'Z2', 'Areto3'),
('A4', 'Z2', 'Areto4'),
('A5', 'Z2', 'Areto5'),
('A1', 'Z3', 'Areto1'),
('A2', 'Z3', 'Areto2'),
('A3', 'Z3', 'Areto3'),
('A4', 'Z3', 'Areto4'),
('A5', 'Z3', 'Areto5'),
('A1', 'Z4', 'Areto1'),
('A2', 'Z4', 'Areto2'),
('A3', 'Z4', 'Areto3'),
('A4', 'Z4', 'Areto4'),
('A5', 'Z4', 'Areto5'),
('A1', 'Z5', 'Areto1'),
('A2', 'Z5', 'Areto2'),
('A3', 'Z5', 'Areto3'),
('A4', 'Z5', 'Areto4'),
('A5', 'Z5', 'Areto5');

-- --------------------------------------------------------

--
-- Estructura de tabla para la tabla `bezeroa`
--

CREATE TABLE `bezeroa` (
  `Bezero_id` smallint(5) UNSIGNED NOT NULL,
  `NAN` varchar(9) COLLATE utf8mb4_spanish2_ci NOT NULL,
  `izena` varchar(30) COLLATE utf8mb4_spanish2_ci NOT NULL,
  `abizena` varchar(30) COLLATE utf8mb4_spanish2_ci NOT NULL,
  `Generoa` varchar(10) COLLATE utf8mb4_spanish2_ci DEFAULT NULL,
  `Email` varchar(30) COLLATE utf8mb4_spanish2_ci NOT NULL,
  `telefonoa` varchar(11) COLLATE utf8mb4_spanish2_ci DEFAULT NULL,
  `erabiltzailea` varchar(15) COLLATE utf8mb4_spanish2_ci NOT NULL,
  `pasahitza` varchar(12) COLLATE utf8mb4_spanish2_ci NOT NULL,
  `jaio_data` date DEFAULT NULL CHECK (`jaio_data` < '2010-01-01')
) ENGINE=InnoDB DEFAULT CHARSET=utf8mb4 COLLATE=utf8mb4_spanish2_ci;

--
-- Volcado de datos para la tabla `bezeroa`
--

INSERT INTO `bezeroa` (`Bezero_id`, `NAN`, `izena`, `abizena`, `Generoa`, `Email`, `telefonoa`, `erabiltzailea`, `pasahitza`, `jaio_data`) VALUES
(1, '12345678A', 'Juan', 'Pérez', 'Gizona', 'juan@gmail.com', '123456789', 'JuanPe', 'pasahitza1', '1990-05-15'),
(2, '87654321B', 'Ana', 'López', 'Emakumea', 'ana@gmail.com', '987654321', 'AnaLo', 'pasahitza2', '1988-08-25'),
(3, '23456789C', 'Pedro', 'García', 'Gizona', 'pedro@gmail.com', '654321987', 'PedroGa', 'pasahitza3', '1995-03-10'),
(4, '98765432D', 'María', 'Martínez', 'Emakumea', 'maria@gmail.com', '321987654', 'MariaMar', 'pasahitza4', '1992-12-20'),
(5, '34567890E', 'Javier', 'Fernández', 'Gizona', 'javier@gmail.com', '987123456', 'JavierFer', 'pasahitza5', '1987-06-30'),
(6, '09876543F', 'Laura', 'Gómez', 'Emakumea', 'laura@gmail.com', '456789012', 'LauraGo', 'pasahitza6', '1993-09-05'),
(7, '45678901G', 'Carlos', 'Rodríguez', 'Gizona', 'carlos@gmail.com', '654987321', 'CarlosRo', 'pasahitza7', '1991-02-17'),
(8, '76543210H', 'Sara', 'López', 'Emakumea', 'sara@gmail.com', '789456123', 'SaraLo', 'pasahitza8', '1994-11-12'),
(9, '56789012I', 'Miguel', 'Hernández', 'Gizona', 'miguel@gmail.com', '234567890', 'MiguelHer', 'pasahitza9', '1989-07-22'),
(10, '67890123J', 'Elena', 'Díaz', 'Emakumea', 'elena@gmail.com', '890123456', 'ElenaDi', 'pasahitza10', '1996-04-03');

-- --------------------------------------------------------

--
-- Estructura de tabla para la tabla `erosketak`
--

CREATE TABLE `erosketak` (
  `erosketak_id` smallint(5) UNSIGNED NOT NULL,
  `dirutotala` decimal(10,2) DEFAULT NULL,
  `jatorria` enum('online','fisikoa') COLLATE utf8mb4_spanish2_ci DEFAULT NULL,
  `Bezero_id` smallint(5) UNSIGNED NOT NULL,
  `Deskontua` decimal(4,2) DEFAULT NULL
) ENGINE=InnoDB DEFAULT CHARSET=utf8mb4 COLLATE=utf8mb4_spanish2_ci;

--
-- Volcado de datos para la tabla `erosketak`
--

INSERT INTO `erosketak` (`erosketak_id`, `dirutotala`, `jatorria`, `Bezero_id`, `Deskontua`) VALUES
(1, '38.00', 'online', 1, '30.00'),
(4, '28.50', 'online', 4, '30.00'),
(5, '9.50', 'online', 5, NULL),
(6, '19.00', 'online', 6, '20.00'),
(7, '47.60', 'online', 7, '30.00'),
(8, '19.00', 'online', 8, '20.00'),
(9, '9.50', 'online', 9, NULL),
(11, '66.50', 'fisikoa', 6, '30.00'),
(12, '57.00', 'fisikoa', 2, '30.00'),
(13, '76.00', 'fisikoa', 3, '30.00');

-- --------------------------------------------------------

--
-- Estructura de tabla para la tabla `filma`
--

CREATE TABLE `filma` (
  `filma_id` smallint(5) UNSIGNED NOT NULL,
  `generoa` varchar(30) COLLATE utf8mb4_spanish2_ci DEFAULT NULL,
  `prezioa` decimal(10,2) DEFAULT NULL,
  `izena` varchar(25) COLLATE utf8mb4_spanish2_ci DEFAULT NULL,
  `Iraupena` int(11) DEFAULT NULL,
  `Egilea` varchar(20) COLLATE utf8mb4_spanish2_ci DEFAULT NULL,
  `Estrenaldi_urtea` int(11) DEFAULT NULL
) ENGINE=InnoDB DEFAULT CHARSET=utf8mb4 COLLATE=utf8mb4_spanish2_ci;

--
-- Volcado de datos para la tabla `filma`
--

INSERT INTO `filma` (`filma_id`, `generoa`, `prezioa`, `izena`, `Iraupena`, `Egilea`, `Estrenaldi_urtea`) VALUES
(1, 'Drama', '9.50', 'Handia', 116, 'Jon Garaño', 2017),
(2, 'Drama', '9.50', 'La Lista de Schidler', 195, 'Steven Spielberg', 1994),
(3, 'Drama', '9.50', 'Cadena Perpetua', 142, 'Frank Darabont', 1995),
(4, 'Drama', '9.50', 'Million Dollar Baby', 132, 'Clint Eastwood', 2005),
(5, 'Beldurra', '9.50', 'Psicosis', 109, 'Alfred hitchcock', 1961),
(6, 'Beldurra', '9.50', 'El Resplandor', 116, 'Stanley Kubrick', 1980),
(7, 'Beldurra', '9.50', 'Dracula', 155, 'Francis Ford Coppola', 1993),
(8, 'Beldurra', '9.50', 'Cisne Negro', 110, 'Darren Aronofsky', 2011),
(9, 'Sci-Fi', '9.50', 'Odisea 2001', 142, 'Arthur C. Clarke', 1968),
(10, 'Sci-Fi', '9.50', 'Alien', 117, 'Dan o´bannon', 1979),
(11, 'Sci-Fi', '9.50', 'El Planeta de los Simios', 115, 'Pierre Boulle', 1968),
(12, 'Sci-Fi', '9.50', 'Novia de Frankie', 75, 'Mary Shelley', 1935),
(13, 'Komedia', '9.50', 'Scary Movie', 88, 'keenen Ivory Wayans', 2000),
(14, 'Komedia', '9.50', 'El Gran Lebowsky', 117, 'Ethan Jesse', 1998),
(15, 'Komedia', '9.50', 'La vida de Brian', 94, 'Terry Jones', 1980),
(16, 'komedia', '9.50', 'Aterriza como puedas', 88, 'Jim Abrahams', 1980);

-- --------------------------------------------------------

--
-- Estructura de tabla para la tabla `saioa`
--

CREATE TABLE `saioa` (
  `saioa_id` smallint(5) UNSIGNED NOT NULL,
  `eguna` date DEFAULT NULL,
  `ordutegia` time DEFAULT NULL,
  `filma_id` smallint(5) UNSIGNED DEFAULT NULL,
  `aretoa_id` varchar(3) COLLATE utf8mb4_spanish2_ci DEFAULT NULL,
  `zinema_id` varchar(2) COLLATE utf8mb4_spanish2_ci DEFAULT NULL
) ENGINE=InnoDB DEFAULT CHARSET=utf8mb4 COLLATE=utf8mb4_spanish2_ci;

--
-- Volcado de datos para la tabla `saioa`
--

INSERT INTO `saioa` (`saioa_id`, `eguna`, `ordutegia`, `filma_id`, `aretoa_id`, `zinema_id`) VALUES
(1, '2024-02-15', NULL, 1, 'A1', 'Z1'),
(2, '2024-02-15', NULL, 2, 'A2', 'Z2'),
(3, '2024-02-15', NULL, 3, 'A3', 'Z3'),
(4, '2024-02-15', NULL, 4, 'A4', 'Z4'),
(5, '2024-02-15', NULL, 5, 'A5', 'Z5'),
(6, '2024-02-15', NULL, 6, 'A1', 'Z1'),
(7, '2024-02-15', NULL, 7, 'A2', 'Z2'),
(8, '2024-02-15', NULL, 8, 'A3', 'Z3'),
(9, '2024-02-15', NULL, 9, 'A4', 'Z4'),
(10, '2024-02-15', NULL, 10, 'A5', 'Z5'),
(11, '2024-02-15', NULL, 11, 'A1', 'Z1'),
(12, '2024-02-15', NULL, 12, 'A2', 'Z2'),
(13, '2024-02-15', NULL, 13, 'A3', 'Z3'),
(14, '2024-02-15', NULL, 14, 'A4', 'Z4'),
(15, '2024-02-15', NULL, 15, 'A5', 'Z5'),
(16, '2024-02-15', NULL, 16, 'A1', 'Z1'),
(17, '2024-02-15', NULL, 1, 'A2', 'Z2'),
(18, '2024-02-15', NULL, 2, 'A3', 'Z3'),
(19, '2024-02-15', NULL, 3, 'A4', 'Z4'),
(20, '2024-02-15', NULL, 4, 'A5', 'Z5'),
(21, '2024-02-15', NULL, 5, 'A1', 'Z1'),
(22, '2024-02-15', NULL, 6, 'A2', 'Z2'),
(23, '2024-02-15', NULL, 7, 'A3', 'Z3'),
(24, '2024-02-15', NULL, 8, 'A4', 'Z4'),
(25, '2024-02-15', NULL, 9, 'A5', 'Z5'),
(26, '2024-02-15', NULL, 10, 'A1', 'Z1'),
(27, '2024-02-15', NULL, 11, 'A2', 'Z2'),
(28, '2024-02-15', NULL, 12, 'A3', 'Z3'),
(29, '2024-02-15', NULL, 13, 'A4', 'Z4'),
(30, '2024-02-15', NULL, 14, 'A5', 'Z5'),
(31, '2024-02-15', NULL, 15, 'A1', 'Z1'),
(32, '2024-02-15', NULL, 16, 'A2', 'Z2'),
(33, '2024-02-15', NULL, 1, 'A3', 'Z3'),
(34, '2024-02-15', NULL, 2, 'A4', 'Z4'),
(35, '2024-02-15', NULL, 3, 'A5', 'Z5'),
(36, '2024-02-15', NULL, 4, 'A1', 'Z1'),
(37, '2024-02-15', NULL, 5, 'A2', 'Z2'),
(38, '2024-02-15', NULL, 6, 'A3', 'Z3'),
(39, '2024-02-15', NULL, 7, 'A4', 'Z4'),
(40, '2024-02-15', NULL, 8, 'A5', 'Z5'),
(41, '2024-02-15', NULL, 9, 'A1', 'Z1'),
(42, '2024-02-15', NULL, 10, 'A2', 'Z2'),
(43, '2024-02-15', NULL, 11, 'A3', 'Z3'),
(44, '2024-02-15', NULL, 12, 'A4', 'Z4'),
(45, '2024-02-15', NULL, 13, 'A5', 'Z5'),
(46, '2024-02-15', NULL, 14, 'A1', 'Z1'),
(47, '2024-02-15', NULL, 15, 'A2', 'Z2'),
(48, '2024-02-15', NULL, 16, 'A3', 'Z3'),
(49, '2024-02-15', NULL, 1, 'A4', 'Z4'),
(50, '2024-02-15', NULL, 2, 'A5', 'Z5'),
(51, '2024-02-15', NULL, 3, 'A1', 'Z1'),
(52, '2024-02-15', NULL, 4, 'A2', 'Z2'),
(53, '2024-02-15', NULL, 5, 'A3', 'Z3'),
(54, '2024-02-15', NULL, 6, 'A4', 'Z4'),
(55, '2024-02-15', NULL, 7, 'A5', 'Z5'),
(56, '2024-02-15', NULL, 8, 'A1', 'Z1'),
(57, '2024-02-15', NULL, 9, 'A2', 'Z2'),
(58, '2024-02-15', NULL, 10, 'A3', 'Z3'),
(59, '2024-02-15', NULL, 11, 'A4', 'Z4'),
(60, '2024-02-15', NULL, 12, 'A5', 'Z5'),
(61, '2024-02-15', NULL, 13, 'A1', 'Z1'),
(62, '2024-02-15', NULL, 14, 'A2', 'Z2'),
(63, '2024-02-15', NULL, 15, 'A3', 'Z3'),
(64, '2024-02-15', NULL, 16, 'A4', 'Z4'),
(65, '2024-02-15', NULL, 1, 'A5', 'Z5'),
(66, '2024-02-15', NULL, 2, 'A1', 'Z1'),
(67, '2024-02-15', NULL, 3, 'A2', 'Z2'),
(68, '2024-02-15', NULL, 4, 'A3', 'Z3'),
(69, '2024-02-15', NULL, 5, 'A4', 'Z4'),
(70, '2024-02-15', NULL, 6, 'A5', 'Z5'),
(71, '2024-02-15', NULL, 7, 'A1', 'Z1'),
(72, '2024-02-15', NULL, 8, 'A2', 'Z2'),
(73, '2024-02-15', NULL, 9, 'A3', 'Z3'),
(74, '2024-02-15', NULL, 10, 'A4', 'Z4'),
(75, '2024-02-15', NULL, 11, 'A5', 'Z5'),
(76, '2024-02-16', NULL, 12, 'A1', 'Z1'),
(77, '2024-02-16', NULL, 13, 'A2', 'Z2'),
(78, '2024-02-16', NULL, 14, 'A3', 'Z3'),
(79, '2024-02-16', NULL, 15, 'A4', 'Z4'),
(80, '2024-02-16', NULL, 16, 'A5', 'Z5'),
(81, '2024-02-16', NULL, 1, 'A1', 'Z1'),
(82, '2024-02-16', NULL, 2, 'A2', 'Z2'),
(83, '2024-02-16', NULL, 3, 'A3', 'Z3'),
(84, '2024-02-16', NULL, 4, 'A4', 'Z4'),
(85, '2024-02-16', NULL, 5, 'A5', 'Z5'),
(86, '2024-02-16', NULL, 6, 'A1', 'Z1'),
(87, '2024-02-16', NULL, 7, 'A2', 'Z2'),
(88, '2024-02-16', NULL, 8, 'A3', 'Z3'),
(89, '2024-02-16', NULL, 9, 'A4', 'Z4'),
(90, '2024-02-16', NULL, 10, 'A5', 'Z5'),
(91, '2024-02-16', NULL, 11, 'A1', 'Z1'),
(92, '2024-02-16', NULL, 12, 'A2', 'Z2'),
(93, '2024-02-16', NULL, 13, 'A3', 'Z3'),
(94, '2024-02-16', NULL, 14, 'A4', 'Z4'),
(95, '2024-02-16', NULL, 15, 'A5', 'Z5'),
(96, '2024-02-16', NULL, 16, 'A1', 'Z1'),
(97, '2024-02-16', NULL, 1, 'A2', 'Z2'),
(98, '2024-02-16', NULL, 2, 'A3', 'Z3'),
(99, '2024-02-16', NULL, 3, 'A4', 'Z4'),
(100, '2024-02-16', NULL, 4, 'A5', 'Z5'),
(101, '2024-02-16', NULL, 5, 'A1', 'Z1'),
(102, '2024-02-16', NULL, 6, 'A2', 'Z2'),
(103, '2024-02-16', NULL, 7, 'A3', 'Z3'),
(104, '2024-02-16', NULL, 8, 'A4', 'Z4'),
(105, '2024-02-16', NULL, 9, 'A5', 'Z5'),
(106, '2024-02-16', NULL, 10, 'A1', 'Z1'),
(107, '2024-02-16', NULL, 11, 'A2', 'Z2'),
(108, '2024-02-16', NULL, 12, 'A3', 'Z3'),
(109, '2024-02-16', NULL, 13, 'A4', 'Z4'),
(110, '2024-02-16', NULL, 14, 'A5', 'Z5'),
(111, '2024-02-16', NULL, 15, 'A1', 'Z1'),
(112, '2024-02-16', NULL, 16, 'A2', 'Z2'),
(113, '2024-02-16', NULL, 1, 'A3', 'Z3'),
(114, '2024-02-16', NULL, 2, 'A4', 'Z4'),
(115, '2024-02-16', NULL, 3, 'A5', 'Z5'),
(116, '2024-02-16', NULL, 4, 'A1', 'Z1'),
(117, '2024-02-16', NULL, 5, 'A2', 'Z2'),
(118, '2024-02-16', NULL, 6, 'A3', 'Z3'),
(119, '2024-02-16', NULL, 7, 'A4', 'Z4'),
(120, '2024-02-16', NULL, 8, 'A5', 'Z5'),
(121, '2024-02-16', NULL, 9, 'A1', 'Z1'),
(122, '2024-02-16', NULL, 10, 'A2', 'Z2'),
(123, '2024-02-16', NULL, 11, 'A3', 'Z3'),
(124, '2024-02-16', NULL, 12, 'A4', 'Z4'),
(125, '2024-02-16', NULL, 13, 'A5', 'Z5'),
(126, '2024-02-16', NULL, 14, 'A1', 'Z1'),
(127, '2024-02-16', NULL, 15, 'A2', 'Z2'),
(128, '2024-02-16', NULL, 16, 'A3', 'Z3'),
(129, '2024-02-16', NULL, 1, 'A4', 'Z4'),
(130, '2024-02-16', NULL, 2, 'A5', 'Z5'),
(131, '2024-02-16', NULL, 3, 'A1', 'Z1'),
(132, '2024-02-16', NULL, 4, 'A2', 'Z2'),
(133, '2024-02-16', NULL, 5, 'A3', 'Z3'),
(134, '2024-02-16', NULL, 6, 'A4', 'Z4'),
(135, '2024-02-16', NULL, 7, 'A5', 'Z5'),
(136, '2024-02-16', NULL, 8, 'A1', 'Z1'),
(137, '2024-02-16', NULL, 9, 'A2', 'Z2'),
(138, '2024-02-16', NULL, 10, 'A3', 'Z3'),
(139, '2024-02-16', NULL, 11, 'A4', 'Z4'),
(140, '2024-02-16', NULL, 12, 'A5', 'Z5'),
(141, '2024-02-16', NULL, 13, 'A1', 'Z1'),
(142, '2024-02-16', NULL, 14, 'A2', 'Z2'),
(143, '2024-02-16', NULL, 15, 'A3', 'Z3'),
(144, '2024-02-16', NULL, 16, 'A4', 'Z4'),
(145, '2024-02-16', NULL, 1, 'A5', 'Z5'),
(146, '2024-02-16', NULL, 2, 'A1', 'Z1'),
(147, '2024-02-16', NULL, 3, 'A2', 'Z2'),
(148, '2024-02-16', NULL, 4, 'A3', 'Z3'),
(149, '2024-02-16', NULL, 5, 'A4', 'Z4'),
(150, '2024-02-16', NULL, 6, 'A5', 'Z5'),
(151, '2024-02-17', NULL, 7, 'A1', 'Z1'),
(152, '2024-02-17', NULL, 8, 'A2', 'Z2'),
(153, '2024-02-17', NULL, 9, 'A3', 'Z3'),
(154, '2024-02-17', NULL, 10, 'A4', 'Z4'),
(155, '2024-02-17', NULL, 11, 'A5', 'Z5'),
(156, '2024-02-17', NULL, 12, 'A1', 'Z1'),
(157, '2024-02-17', NULL, 13, 'A2', 'Z2'),
(158, '2024-02-17', NULL, 14, 'A3', 'Z3'),
(159, '2024-02-17', NULL, 15, 'A4', 'Z4'),
(160, '2024-02-17', NULL, 16, 'A5', 'Z5'),
(161, '2024-02-17', NULL, 1, 'A1', 'Z1'),
(162, '2024-02-17', NULL, 2, 'A2', 'Z2'),
(163, '2024-02-17', NULL, 3, 'A3', 'Z3'),
(164, '2024-02-17', NULL, 4, 'A4', 'Z4'),
(165, '2024-02-17', NULL, 5, 'A5', 'Z5'),
(166, '2024-02-17', NULL, 6, 'A1', 'Z1'),
(167, '2024-02-17', NULL, 7, 'A2', 'Z2'),
(168, '2024-02-17', NULL, 8, 'A3', 'Z3'),
(169, '2024-02-17', NULL, 9, 'A4', 'Z4'),
(170, '2024-02-17', NULL, 10, 'A5', 'Z5'),
(171, '2024-02-17', NULL, 11, 'A1', 'Z1'),
(172, '2024-02-17', NULL, 12, 'A2', 'Z2'),
(173, '2024-02-17', NULL, 13, 'A3', 'Z3'),
(174, '2024-02-17', NULL, 14, 'A4', 'Z4'),
(175, '2024-02-17', NULL, 15, 'A5', 'Z5'),
(176, '2024-02-17', NULL, 16, 'A1', 'Z1'),
(177, '2024-02-17', NULL, 1, 'A2', 'Z2'),
(178, '2024-02-17', NULL, 2, 'A3', 'Z3'),
(179, '2024-02-17', NULL, 3, 'A4', 'Z4'),
(180, '2024-02-17', NULL, 4, 'A5', 'Z5'),
(181, '2024-02-17', NULL, 5, 'A1', 'Z1'),
(182, '2024-02-17', NULL, 6, 'A2', 'Z2'),
(183, '2024-02-17', NULL, 7, 'A3', 'Z3'),
(184, '2024-02-17', NULL, 8, 'A4', 'Z4'),
(185, '2024-02-17', NULL, 9, 'A5', 'Z5'),
(186, '2024-02-17', NULL, 10, 'A1', 'Z1'),
(187, '2024-02-17', NULL, 11, 'A2', 'Z2'),
(188, '2024-02-17', NULL, 12, 'A3', 'Z3'),
(189, '2024-02-17', NULL, 13, 'A4', 'Z4'),
(190, '2024-02-17', NULL, 14, 'A5', 'Z5'),
(191, '2024-02-17', NULL, 15, 'A1', 'Z1'),
(192, '2024-02-17', NULL, 16, 'A2', 'Z2'),
(193, '2024-02-17', NULL, 1, 'A3', 'Z3'),
(194, '2024-02-17', NULL, 2, 'A4', 'Z4'),
(195, '2024-02-17', NULL, 3, 'A5', 'Z5'),
(196, '2024-02-17', NULL, 4, 'A1', 'Z1'),
(197, '2024-02-17', NULL, 5, 'A2', 'Z2'),
(198, '2024-02-17', NULL, 6, 'A3', 'Z3'),
(199, '2024-02-17', NULL, 7, 'A4', 'Z4'),
(200, '2024-02-17', NULL, 8, 'A5', 'Z5'),
(201, '2024-02-17', NULL, 9, 'A1', 'Z1'),
(202, '2024-02-17', NULL, 10, 'A2', 'Z2'),
(203, '2024-02-17', NULL, 11, 'A3', 'Z3'),
(204, '2024-02-17', NULL, 12, 'A4', 'Z4'),
(205, '2024-02-17', NULL, 13, 'A5', 'Z5'),
(206, '2024-02-17', NULL, 14, 'A1', 'Z1'),
(207, '2024-02-17', NULL, 15, 'A2', 'Z2'),
(208, '2024-02-17', NULL, 16, 'A3', 'Z3'),
(209, '2024-02-17', NULL, 1, 'A4', 'Z4'),
(210, '2024-02-17', NULL, 2, 'A5', 'Z5'),
(211, '2024-02-17', NULL, 3, 'A1', 'Z1'),
(212, '2024-02-17', NULL, 4, 'A2', 'Z2'),
(213, '2024-02-17', NULL, 5, 'A3', 'Z3'),
(214, '2024-02-17', NULL, 6, 'A4', 'Z4'),
(215, '2024-02-17', NULL, 7, 'A5', 'Z5'),
(216, '2024-02-17', NULL, 8, 'A1', 'Z1'),
(217, '2024-02-17', NULL, 9, 'A2', 'Z2'),
(218, '2024-02-17', NULL, 10, 'A3', 'Z3'),
(219, '2024-02-17', NULL, 11, 'A4', 'Z4'),
(220, '2024-02-17', NULL, 12, 'A5', 'Z5'),
(221, '2024-02-17', NULL, 13, 'A1', 'Z1'),
(222, '2024-02-17', NULL, 14, 'A2', 'Z2'),
(223, '2024-02-17', NULL, 15, 'A3', 'Z3'),
(224, '2024-02-17', NULL, 16, 'A4', 'Z4'),
(225, '2024-02-17', NULL, 1, 'A5', 'Z5'),
(226, '2024-02-18', NULL, 2, 'A1', 'Z1'),
(227, '2024-02-18', NULL, 3, 'A2', 'Z2'),
(228, '2024-02-18', NULL, 4, 'A3', 'Z3'),
(229, '2024-02-18', NULL, 5, 'A4', 'Z4'),
(230, '2024-02-18', NULL, 6, 'A5', 'Z5'),
(231, '2024-02-18', NULL, 7, 'A1', 'Z1'),
(232, '2024-02-18', NULL, 8, 'A2', 'Z2'),
(233, '2024-02-18', NULL, 9, 'A3', 'Z3'),
(234, '2024-02-18', NULL, 10, 'A4', 'Z4'),
(235, '2024-02-18', NULL, 11, 'A5', 'Z5'),
(236, '2024-02-18', NULL, 12, 'A1', 'Z1'),
(237, '2024-02-18', NULL, 13, 'A2', 'Z2'),
(238, '2024-02-18', NULL, 14, 'A3', 'Z3'),
(239, '2024-02-18', NULL, 15, 'A4', 'Z4'),
(240, '2024-02-18', NULL, 16, 'A5', 'Z5'),
(241, '2024-02-18', NULL, 1, 'A1', 'Z1'),
(242, '2024-02-18', NULL, 2, 'A2', 'Z2'),
(243, '2024-02-18', NULL, 3, 'A3', 'Z3'),
(244, '2024-02-18', NULL, 4, 'A4', 'Z4'),
(245, '2024-02-18', NULL, 5, 'A5', 'Z5'),
(246, '2024-02-18', NULL, 6, 'A1', 'Z1'),
(247, '2024-02-18', NULL, 7, 'A2', 'Z2'),
(248, '2024-02-18', NULL, 8, 'A3', 'Z3'),
(249, '2024-02-18', NULL, 9, 'A4', 'Z4'),
(250, '2024-02-18', NULL, 10, 'A5', 'Z5'),
(251, '2024-02-18', NULL, 11, 'A1', 'Z1'),
(252, '2024-02-18', NULL, 12, 'A2', 'Z2'),
(253, '2024-02-18', NULL, 13, 'A3', 'Z3'),
(254, '2024-02-18', NULL, 14, 'A4', 'Z4'),
(255, '2024-02-18', NULL, 15, 'A5', 'Z5'),
(256, '2024-02-18', NULL, 16, 'A1', 'Z1'),
(257, '2024-02-18', NULL, 1, 'A2', 'Z2'),
(258, '2024-02-18', NULL, 2, 'A3', 'Z3'),
(259, '2024-02-18', NULL, 3, 'A4', 'Z4'),
(260, '2024-02-18', NULL, 4, 'A5', 'Z5'),
(261, '2024-02-18', NULL, 5, 'A1', 'Z1'),
(262, '2024-02-18', NULL, 6, 'A2', 'Z2'),
(263, '2024-02-18', NULL, 7, 'A3', 'Z3'),
(264, '2024-02-18', NULL, 8, 'A4', 'Z4'),
(265, '2024-02-18', NULL, 9, 'A5', 'Z5'),
(266, '2024-02-18', NULL, 10, 'A1', 'Z1'),
(267, '2024-02-18', NULL, 11, 'A2', 'Z2'),
(268, '2024-02-18', NULL, 12, 'A3', 'Z3'),
(269, '2024-02-18', NULL, 13, 'A4', 'Z4'),
(270, '2024-02-18', NULL, 14, 'A5', 'Z5'),
(271, '2024-02-18', NULL, 15, 'A1', 'Z1'),
(272, '2024-02-18', NULL, 16, 'A2', 'Z2'),
(273, '2024-02-18', NULL, 1, 'A3', 'Z3'),
(274, '2024-02-18', NULL, 2, 'A4', 'Z4'),
(275, '2024-02-18', NULL, 3, 'A5', 'Z5'),
(276, '2024-02-18', NULL, 4, 'A1', 'Z1'),
(277, '2024-02-18', NULL, 5, 'A2', 'Z2'),
(278, '2024-02-18', NULL, 6, 'A3', 'Z3'),
(279, '2024-02-18', NULL, 7, 'A4', 'Z4'),
(280, '2024-02-18', NULL, 8, 'A5', 'Z5'),
(281, '2024-02-18', NULL, 9, 'A1', 'Z1'),
(282, '2024-02-18', NULL, 10, 'A2', 'Z2'),
(283, '2024-02-18', NULL, 11, 'A3', 'Z3'),
(284, '2024-02-18', NULL, 12, 'A4', 'Z4'),
(285, '2024-02-18', NULL, 13, 'A5', 'Z5'),
(286, '2024-02-18', NULL, 14, 'A1', 'Z1'),
(287, '2024-02-18', NULL, 15, 'A2', 'Z2'),
(288, '2024-02-18', NULL, 16, 'A3', 'Z3'),
(289, '2024-02-18', NULL, 1, 'A4', 'Z4'),
(290, '2024-02-18', NULL, 2, 'A5', 'Z5'),
(291, '2024-02-18', NULL, 3, 'A1', 'Z1'),
(292, '2024-02-18', NULL, 4, 'A2', 'Z2'),
(293, '2024-02-18', NULL, 5, 'A3', 'Z3'),
(294, '2024-02-18', NULL, 6, 'A4', 'Z4'),
(295, '2024-02-18', NULL, 7, 'A5', 'Z5'),
(296, '2024-02-18', NULL, 8, 'A1', 'Z1'),
(297, '2024-02-18', NULL, 9, 'A2', 'Z2'),
(298, '2024-02-18', NULL, 10, 'A3', 'Z3'),
(299, '2024-02-18', NULL, 11, 'A4', 'Z4'),
(300, '2024-02-18', NULL, 12, 'A5', 'Z5'),
(301, '2024-02-19', NULL, 13, 'A1', 'Z1'),
(302, '2024-02-19', NULL, 14, 'A2', 'Z2'),
(303, '2024-02-19', NULL, 15, 'A3', 'Z3'),
(304, '2024-02-19', NULL, 16, 'A4', 'Z4'),
(305, '2024-02-19', NULL, 1, 'A5', 'Z5'),
(306, '2024-02-19', NULL, 2, 'A1', 'Z1'),
(307, '2024-02-19', NULL, 3, 'A2', 'Z2'),
(308, '2024-02-19', NULL, 4, 'A3', 'Z3'),
(309, '2024-02-19', NULL, 5, 'A4', 'Z4'),
(310, '2024-02-19', NULL, 6, 'A5', 'Z5'),
(311, '2024-02-19', NULL, 7, 'A1', 'Z1'),
(312, '2024-02-19', NULL, 8, 'A2', 'Z2'),
(313, '2024-02-19', NULL, 9, 'A3', 'Z3'),
(314, '2024-02-19', NULL, 10, 'A4', 'Z4'),
(315, '2024-02-19', NULL, 11, 'A5', 'Z5'),
(316, '2024-02-19', NULL, 12, 'A1', 'Z1'),
(317, '2024-02-19', NULL, 13, 'A2', 'Z2'),
(318, '2024-02-19', NULL, 14, 'A3', 'Z3'),
(319, '2024-02-19', NULL, 15, 'A4', 'Z4'),
(320, '2024-02-19', NULL, 16, 'A5', 'Z5'),
(321, '2024-02-19', NULL, 1, 'A1', 'Z1'),
(322, '2024-02-19', NULL, 2, 'A2', 'Z2'),
(323, '2024-02-19', NULL, 3, 'A3', 'Z3'),
(324, '2024-02-19', NULL, 4, 'A4', 'Z4'),
(325, '2024-02-19', NULL, 5, 'A5', 'Z5'),
(326, '2024-02-19', NULL, 6, 'A1', 'Z1'),
(327, '2024-02-19', NULL, 7, 'A2', 'Z2'),
(328, '2024-02-19', NULL, 8, 'A3', 'Z3'),
(329, '2024-02-19', NULL, 9, 'A4', 'Z4'),
(330, '2024-02-19', NULL, 10, 'A5', 'Z5'),
(331, '2024-02-19', NULL, 11, 'A1', 'Z1'),
(332, '2024-02-19', NULL, 12, 'A2', 'Z2'),
(333, '2024-02-19', NULL, 13, 'A3', 'Z3'),
(334, '2024-02-19', NULL, 14, 'A4', 'Z4'),
(335, '2024-02-19', NULL, 15, 'A5', 'Z5'),
(336, '2024-02-19', NULL, 16, 'A1', 'Z1'),
(337, '2024-02-19', NULL, 1, 'A2', 'Z2'),
(338, '2024-02-19', NULL, 2, 'A3', 'Z3'),
(339, '2024-02-19', NULL, 3, 'A4', 'Z4'),
(340, '2024-02-19', NULL, 4, 'A5', 'Z5'),
(341, '2024-02-19', NULL, 5, 'A1', 'Z1'),
(342, '2024-02-19', NULL, 6, 'A2', 'Z2'),
(343, '2024-02-19', NULL, 7, 'A3', 'Z3'),
(344, '2024-02-19', NULL, 8, 'A4', 'Z4'),
(345, '2024-02-19', NULL, 9, 'A5', 'Z5'),
(346, '2024-02-19', NULL, 10, 'A1', 'Z1'),
(347, '2024-02-19', NULL, 11, 'A2', 'Z2'),
(348, '2024-02-19', NULL, 12, 'A3', 'Z3'),
(349, '2024-02-19', NULL, 13, 'A4', 'Z4'),
(350, '2024-02-19', NULL, 14, 'A5', 'Z5'),
(351, '2024-02-19', NULL, 15, 'A1', 'Z1'),
(352, '2024-02-19', NULL, 16, 'A2', 'Z2'),
(353, '2024-02-19', NULL, 1, 'A3', 'Z3'),
(354, '2024-02-19', NULL, 2, 'A4', 'Z4'),
(355, '2024-02-19', NULL, 3, 'A5', 'Z5'),
(356, '2024-02-19', NULL, 4, 'A1', 'Z1'),
(357, '2024-02-19', NULL, 5, 'A2', 'Z2'),
(358, '2024-02-19', NULL, 6, 'A3', 'Z3'),
(359, '2024-02-19', NULL, 7, 'A4', 'Z4'),
(360, '2024-02-19', NULL, 8, 'A5', 'Z5'),
(361, '2024-02-19', NULL, 9, 'A1', 'Z1'),
(362, '2024-02-19', NULL, 10, 'A2', 'Z2'),
(363, '2024-02-19', NULL, 11, 'A3', 'Z3'),
(364, '2024-02-19', NULL, 12, 'A4', 'Z4'),
(365, '2024-02-19', NULL, 13, 'A5', 'Z5'),
(366, '2024-02-19', NULL, 14, 'A1', 'Z1'),
(367, '2024-02-19', NULL, 15, 'A2', 'Z2'),
(368, '2024-02-19', NULL, 16, 'A3', 'Z3'),
(369, '2024-02-19', NULL, 1, 'A4', 'Z4'),
(370, '2024-02-19', NULL, 2, 'A5', 'Z5'),
(371, '2024-02-19', NULL, 3, 'A1', 'Z1'),
(372, '2024-02-19', NULL, 4, 'A2', 'Z2'),
(373, '2024-02-19', NULL, 5, 'A3', 'Z3'),
(374, '2024-02-19', NULL, 6, 'A4', 'Z4'),
(375, '2024-02-19', NULL, 7, 'A5', 'Z5'),
(376, '2024-02-20', NULL, 8, 'A1', 'Z1'),
(377, '2024-02-20', NULL, 9, 'A2', 'Z2'),
(378, '2024-02-20', NULL, 10, 'A3', 'Z3'),
(379, '2024-02-20', NULL, 11, 'A4', 'Z4'),
(380, '2024-02-20', NULL, 12, 'A5', 'Z5'),
(381, '2024-02-20', NULL, 13, 'A1', 'Z1'),
(382, '2024-02-20', NULL, 14, 'A2', 'Z2'),
(383, '2024-02-20', NULL, 15, 'A3', 'Z3'),
(384, '2024-02-20', NULL, 16, 'A4', 'Z4'),
(385, '2024-02-20', NULL, 1, 'A5', 'Z5'),
(386, '2024-02-20', NULL, 2, 'A1', 'Z1'),
(387, '2024-02-20', NULL, 3, 'A2', 'Z2'),
(388, '2024-02-20', NULL, 4, 'A3', 'Z3'),
(389, '2024-02-20', NULL, 5, 'A4', 'Z4'),
(390, '2024-02-20', NULL, 6, 'A5', 'Z5'),
(391, '2024-02-20', NULL, 7, 'A1', 'Z1'),
(392, '2024-02-20', NULL, 8, 'A2', 'Z2'),
(393, '2024-02-20', NULL, 9, 'A3', 'Z3'),
(394, '2024-02-20', NULL, 10, 'A4', 'Z4'),
(395, '2024-02-20', NULL, 11, 'A5', 'Z5'),
(396, '2024-02-20', NULL, 12, 'A1', 'Z1'),
(397, '2024-02-20', NULL, 13, 'A2', 'Z2'),
(398, '2024-02-20', NULL, 14, 'A3', 'Z3'),
(399, '2024-02-20', NULL, 15, 'A4', 'Z4'),
(400, '2024-02-20', NULL, 16, 'A5', 'Z5'),
(401, '2024-02-20', NULL, 1, 'A1', 'Z1'),
(402, '2024-02-20', NULL, 2, 'A2', 'Z2'),
(403, '2024-02-20', NULL, 3, 'A3', 'Z3'),
(404, '2024-02-20', NULL, 4, 'A4', 'Z4'),
(405, '2024-02-20', NULL, 5, 'A5', 'Z5'),
(406, '2024-02-20', NULL, 6, 'A1', 'Z1'),
(407, '2024-02-20', NULL, 7, 'A2', 'Z2'),
(408, '2024-02-20', NULL, 8, 'A3', 'Z3'),
(409, '2024-02-20', NULL, 9, 'A4', 'Z4'),
(410, '2024-02-20', NULL, 10, 'A5', 'Z5'),
(411, '2024-02-20', NULL, 11, 'A1', 'Z1'),
(412, '2024-02-20', NULL, 12, 'A2', 'Z2'),
(413, '2024-02-20', NULL, 13, 'A3', 'Z3'),
(414, '2024-02-20', NULL, 14, 'A4', 'Z4'),
(415, '2024-02-20', NULL, 15, 'A5', 'Z5'),
(416, '2024-02-20', NULL, 16, 'A1', 'Z1'),
(417, '2024-02-20', NULL, 1, 'A2', 'Z2'),
(418, '2024-02-20', NULL, 2, 'A3', 'Z3'),
(419, '2024-02-20', NULL, 3, 'A4', 'Z4'),
(420, '2024-02-20', NULL, 4, 'A5', 'Z5'),
(421, '2024-02-20', NULL, 5, 'A1', 'Z1'),
(422, '2024-02-20', NULL, 6, 'A2', 'Z2'),
(423, '2024-02-20', NULL, 7, 'A3', 'Z3'),
(424, '2024-02-20', NULL, 8, 'A4', 'Z4'),
(425, '2024-02-20', NULL, 9, 'A5', 'Z5'),
(426, '2024-02-20', NULL, 10, 'A1', 'Z1'),
(427, '2024-02-20', NULL, 11, 'A2', 'Z2'),
(428, '2024-02-20', NULL, 12, 'A3', 'Z3'),
(429, '2024-02-20', NULL, 13, 'A4', 'Z4'),
(430, '2024-02-20', NULL, 14, 'A5', 'Z5'),
(431, '2024-02-20', NULL, 15, 'A1', 'Z1'),
(432, '2024-02-20', NULL, 16, 'A2', 'Z2'),
(433, '2024-02-20', NULL, 1, 'A3', 'Z3'),
(434, '2024-02-20', NULL, 2, 'A4', 'Z4'),
(435, '2024-02-20', NULL, 3, 'A5', 'Z5'),
(436, '2024-02-20', NULL, 4, 'A1', 'Z1'),
(437, '2024-02-20', NULL, 5, 'A2', 'Z2'),
(438, '2024-02-20', NULL, 6, 'A3', 'Z3'),
(439, '2024-02-20', NULL, 7, 'A4', 'Z4'),
(440, '2024-02-20', NULL, 8, 'A5', 'Z5'),
(441, '2024-02-20', NULL, 9, 'A1', 'Z1'),
(442, '2024-02-20', NULL, 10, 'A2', 'Z2'),
(443, '2024-02-20', NULL, 11, 'A3', 'Z3'),
(444, '2024-02-20', NULL, 12, 'A4', 'Z4'),
(445, '2024-02-20', NULL, 13, 'A5', 'Z5'),
(446, '2024-02-20', NULL, 14, 'A1', 'Z1'),
(447, '2024-02-20', NULL, 15, 'A2', 'Z2'),
(448, '2024-02-20', NULL, 16, 'A3', 'Z3'),
(449, '2024-02-20', NULL, 1, 'A4', 'Z4'),
(450, '2024-02-20', NULL, 2, 'A5', 'Z5'),
(451, '2024-02-21', NULL, 3, 'A1', 'Z1'),
(452, '2024-02-21', NULL, 4, 'A2', 'Z2'),
(453, '2024-02-21', NULL, 5, 'A3', 'Z3'),
(454, '2024-02-21', NULL, 6, 'A4', 'Z4'),
(455, '2024-02-21', NULL, 7, 'A5', 'Z5'),
(456, '2024-02-21', NULL, 8, 'A1', 'Z1'),
(457, '2024-02-21', NULL, 9, 'A2', 'Z2'),
(458, '2024-02-21', NULL, 10, 'A3', 'Z3'),
(459, '2024-02-21', NULL, 11, 'A4', 'Z4'),
(460, '2024-02-21', NULL, 12, 'A5', 'Z5'),
(461, '2024-02-21', NULL, 13, 'A1', 'Z1'),
(462, '2024-02-21', NULL, 14, 'A2', 'Z2'),
(463, '2024-02-21', NULL, 15, 'A3', 'Z3'),
(464, '2024-02-21', NULL, 16, 'A4', 'Z4'),
(465, '2024-02-21', NULL, 1, 'A5', 'Z5'),
(466, '2024-02-21', NULL, 2, 'A1', 'Z1'),
(467, '2024-02-21', NULL, 3, 'A2', 'Z2'),
(468, '2024-02-21', NULL, 4, 'A3', 'Z3'),
(469, '2024-02-21', NULL, 5, 'A4', 'Z4'),
(470, '2024-02-21', NULL, 6, 'A5', 'Z5'),
(471, '2024-02-21', NULL, 7, 'A1', 'Z1'),
(472, '2024-02-21', NULL, 8, 'A2', 'Z2'),
(473, '2024-02-21', NULL, 9, 'A3', 'Z3'),
(474, '2024-02-21', NULL, 10, 'A4', 'Z4'),
(475, '2024-02-21', NULL, 11, 'A5', 'Z5'),
(476, '2024-02-21', NULL, 12, 'A1', 'Z1'),
(477, '2024-02-21', NULL, 13, 'A2', 'Z2'),
(478, '2024-02-21', NULL, 14, 'A3', 'Z3'),
(479, '2024-02-21', NULL, 15, 'A4', 'Z4'),
(480, '2024-02-21', NULL, 16, 'A5', 'Z5'),
(481, '2024-02-21', NULL, 1, 'A1', 'Z1'),
(482, '2024-02-21', NULL, 2, 'A2', 'Z2'),
(483, '2024-02-21', NULL, 3, 'A3', 'Z3'),
(484, '2024-02-21', NULL, 4, 'A4', 'Z4'),
(485, '2024-02-21', NULL, 5, 'A5', 'Z5'),
(486, '2024-02-21', NULL, 6, 'A1', 'Z1'),
(487, '2024-02-21', NULL, 7, 'A2', 'Z2'),
(488, '2024-02-21', NULL, 8, 'A3', 'Z3'),
(489, '2024-02-21', NULL, 9, 'A4', 'Z4'),
(490, '2024-02-21', NULL, 10, 'A5', 'Z5'),
(491, '2024-02-21', NULL, 11, 'A1', 'Z1'),
(492, '2024-02-21', NULL, 12, 'A2', 'Z2'),
(493, '2024-02-21', NULL, 13, 'A3', 'Z3'),
(494, '2024-02-21', NULL, 14, 'A4', 'Z4'),
(495, '2024-02-21', NULL, 15, 'A5', 'Z5'),
(496, '2024-02-21', NULL, 16, 'A1', 'Z1'),
(497, '2024-02-21', NULL, 1, 'A2', 'Z2'),
(498, '2024-02-21', NULL, 2, 'A3', 'Z3'),
(499, '2024-02-21', NULL, 3, 'A4', 'Z4'),
(500, '2024-02-21', NULL, 4, 'A5', 'Z5'),
(501, '2024-02-21', NULL, 5, 'A1', 'Z1'),
(502, '2024-02-21', NULL, 6, 'A2', 'Z2'),
(503, '2024-02-21', NULL, 7, 'A3', 'Z3'),
(504, '2024-02-21', NULL, 8, 'A4', 'Z4'),
(505, '2024-02-21', NULL, 9, 'A5', 'Z5'),
(506, '2024-02-21', NULL, 10, 'A1', 'Z1'),
(507, '2024-02-21', NULL, 11, 'A2', 'Z2'),
(508, '2024-02-21', NULL, 12, 'A3', 'Z3'),
(509, '2024-02-21', NULL, 13, 'A4', 'Z4'),
(510, '2024-02-21', NULL, 14, 'A5', 'Z5'),
(511, '2024-02-21', NULL, 15, 'A1', 'Z1'),
(512, '2024-02-21', NULL, 16, 'A2', 'Z2'),
(513, '2024-02-21', NULL, 1, 'A3', 'Z3'),
(514, '2024-02-21', NULL, 2, 'A4', 'Z4'),
(515, '2024-02-21', NULL, 3, 'A5', 'Z5'),
(516, '2024-02-21', NULL, 4, 'A1', 'Z1'),
(517, '2024-02-21', NULL, 5, 'A2', 'Z2'),
(518, '2024-02-21', NULL, 6, 'A3', 'Z3'),
(519, '2024-02-21', NULL, 7, 'A4', 'Z4'),
(520, '2024-02-21', NULL, 8, 'A5', 'Z5'),
(521, '2024-02-21', NULL, 9, 'A1', 'Z1'),
(522, '2024-02-21', NULL, 10, 'A2', 'Z2'),
(523, '2024-02-21', NULL, 11, 'A3', 'Z3'),
(524, '2024-02-21', NULL, 12, 'A4', 'Z4'),
(525, '2024-02-21', NULL, 13, 'A5', 'Z5'),
(526, '2024-02-22', NULL, 14, 'A1', 'Z1'),
(527, '2024-02-22', NULL, 15, 'A2', 'Z2'),
(528, '2024-02-22', NULL, 16, 'A3', 'Z3'),
(529, '2024-02-22', NULL, 1, 'A4', 'Z4'),
(530, '2024-02-22', NULL, 2, 'A5', 'Z5'),
(531, '2024-02-22', NULL, 3, 'A1', 'Z1'),
(532, '2024-02-22', NULL, 4, 'A2', 'Z2'),
(533, '2024-02-22', NULL, 5, 'A3', 'Z3'),
(534, '2024-02-22', NULL, 6, 'A4', 'Z4'),
(535, '2024-02-22', NULL, 7, 'A5', 'Z5'),
(536, '2024-02-22', NULL, 8, 'A1', 'Z1'),
(537, '2024-02-22', NULL, 9, 'A2', 'Z2'),
(538, '2024-02-22', NULL, 10, 'A3', 'Z3'),
(539, '2024-02-22', NULL, 11, 'A4', 'Z4'),
(540, '2024-02-22', NULL, 12, 'A5', 'Z5'),
(541, '2024-02-22', NULL, 13, 'A1', 'Z1'),
(542, '2024-02-22', NULL, 14, 'A2', 'Z2'),
(543, '2024-02-22', NULL, 15, 'A3', 'Z3'),
(544, '2024-02-22', NULL, 16, 'A4', 'Z4'),
(545, '2024-02-22', NULL, 1, 'A5', 'Z5'),
(546, '2024-02-22', NULL, 2, 'A1', 'Z1'),
(547, '2024-02-22', NULL, 3, 'A2', 'Z2'),
(548, '2024-02-22', NULL, 4, 'A3', 'Z3'),
(549, '2024-02-22', NULL, 5, 'A4', 'Z4'),
(550, '2024-02-22', NULL, 6, 'A5', 'Z5'),
(551, '2024-02-22', NULL, 7, 'A1', 'Z1'),
(552, '2024-02-22', NULL, 8, 'A2', 'Z2'),
(553, '2024-02-22', NULL, 9, 'A3', 'Z3'),
(554, '2024-02-22', NULL, 10, 'A4', 'Z4'),
(555, '2024-02-22', NULL, 11, 'A5', 'Z5'),
(556, '2024-02-22', NULL, 12, 'A1', 'Z1'),
(557, '2024-02-22', NULL, 13, 'A2', 'Z2'),
(558, '2024-02-22', NULL, 14, 'A3', 'Z3'),
(559, '2024-02-22', NULL, 15, 'A4', 'Z4'),
(560, '2024-02-22', NULL, 16, 'A5', 'Z5'),
(561, '2024-02-22', NULL, 1, 'A1', 'Z1'),
(562, '2024-02-22', NULL, 2, 'A2', 'Z2'),
(563, '2024-02-22', NULL, 3, 'A3', 'Z3'),
(564, '2024-02-22', NULL, 4, 'A4', 'Z4'),
(565, '2024-02-22', NULL, 5, 'A5', 'Z5'),
(566, '2024-02-22', NULL, 6, 'A1', 'Z1'),
(567, '2024-02-22', NULL, 7, 'A2', 'Z2'),
(568, '2024-02-22', NULL, 8, 'A3', 'Z3'),
(569, '2024-02-22', NULL, 9, 'A4', 'Z4'),
(570, '2024-02-22', NULL, 10, 'A5', 'Z5'),
(571, '2024-02-22', NULL, 11, 'A1', 'Z1'),
(572, '2024-02-22', NULL, 12, 'A2', 'Z2'),
(573, '2024-02-22', NULL, 13, 'A3', 'Z3'),
(574, '2024-02-22', NULL, 14, 'A4', 'Z4'),
(575, '2024-02-22', NULL, 15, 'A5', 'Z5'),
(576, '2024-02-22', NULL, 16, 'A1', 'Z1'),
(577, '2024-02-22', NULL, 1, 'A2', 'Z2'),
(578, '2024-02-22', NULL, 2, 'A3', 'Z3'),
(579, '2024-02-22', NULL, 3, 'A4', 'Z4'),
(580, '2024-02-22', NULL, 4, 'A5', 'Z5'),
(581, '2024-02-22', NULL, 5, 'A1', 'Z1'),
(582, '2024-02-22', NULL, 6, 'A2', 'Z2'),
(583, '2024-02-22', NULL, 7, 'A3', 'Z3'),
(584, '2024-02-22', NULL, 8, 'A4', 'Z4'),
(585, '2024-02-22', NULL, 9, 'A5', 'Z5'),
(586, '2024-02-22', NULL, 10, 'A1', 'Z1'),
(587, '2024-02-22', NULL, 11, 'A2', 'Z2'),
(588, '2024-02-22', NULL, 12, 'A3', 'Z3'),
(589, '2024-02-22', NULL, 13, 'A4', 'Z4'),
(590, '2024-02-22', NULL, 14, 'A5', 'Z5'),
(591, '2024-02-22', NULL, 15, 'A1', 'Z1'),
(592, '2024-02-22', NULL, 16, 'A2', 'Z2'),
(593, '2024-02-22', NULL, 1, 'A3', 'Z3'),
(594, '2024-02-22', NULL, 2, 'A4', 'Z4'),
(595, '2024-02-22', NULL, 3, 'A5', 'Z5'),
(596, '2024-02-22', NULL, 4, 'A1', 'Z1'),
(597, '2024-02-22', NULL, 5, 'A2', 'Z2'),
(598, '2024-02-22', NULL, 6, 'A3', 'Z3'),
(599, '2024-02-22', NULL, 7, 'A4', 'Z4'),
(600, '2024-02-22', NULL, 8, 'A5', 'Z5'),
(601, '2024-02-23', NULL, 9, 'A1', 'Z1'),
(602, '2024-02-23', NULL, 10, 'A2', 'Z2'),
(603, '2024-02-23', NULL, 11, 'A3', 'Z3'),
(604, '2024-02-23', NULL, 12, 'A4', 'Z4'),
(605, '2024-02-23', NULL, 13, 'A5', 'Z5'),
(606, '2024-02-23', NULL, 14, 'A1', 'Z1'),
(607, '2024-02-23', NULL, 15, 'A2', 'Z2'),
(608, '2024-02-23', NULL, 16, 'A3', 'Z3'),
(609, '2024-02-23', NULL, 1, 'A4', 'Z4'),
(610, '2024-02-23', NULL, 2, 'A5', 'Z5'),
(611, '2024-02-23', NULL, 3, 'A1', 'Z1'),
(612, '2024-02-23', NULL, 4, 'A2', 'Z2'),
(613, '2024-02-23', NULL, 5, 'A3', 'Z3'),
(614, '2024-02-23', NULL, 6, 'A4', 'Z4'),
(615, '2024-02-23', NULL, 7, 'A5', 'Z5'),
(616, '2024-02-23', NULL, 8, 'A1', 'Z1'),
(617, '2024-02-23', NULL, 9, 'A2', 'Z2'),
(618, '2024-02-23', NULL, 10, 'A3', 'Z3'),
(619, '2024-02-23', NULL, 11, 'A4', 'Z4'),
(620, '2024-02-23', NULL, 12, 'A5', 'Z5'),
(621, '2024-02-23', NULL, 13, 'A1', 'Z1'),
(622, '2024-02-23', NULL, 14, 'A2', 'Z2'),
(623, '2024-02-23', NULL, 15, 'A3', 'Z3'),
(624, '2024-02-23', NULL, 16, 'A4', 'Z4'),
(625, '2024-02-23', NULL, 1, 'A5', 'Z5'),
(626, '2024-02-23', NULL, 2, 'A1', 'Z1'),
(627, '2024-02-23', NULL, 3, 'A2', 'Z2'),
(628, '2024-02-23', NULL, 4, 'A3', 'Z3'),
(629, '2024-02-23', NULL, 5, 'A4', 'Z4'),
(630, '2024-02-23', NULL, 6, 'A5', 'Z5'),
(631, '2024-02-23', NULL, 7, 'A1', 'Z1'),
(632, '2024-02-23', NULL, 8, 'A2', 'Z2'),
(633, '2024-02-23', NULL, 9, 'A3', 'Z3'),
(634, '2024-02-23', NULL, 10, 'A4', 'Z4'),
(635, '2024-02-23', NULL, 11, 'A5', 'Z5'),
(636, '2024-02-23', NULL, 12, 'A1', 'Z1'),
(637, '2024-02-23', NULL, 13, 'A2', 'Z2'),
(638, '2024-02-23', NULL, 14, 'A3', 'Z3'),
(639, '2024-02-23', NULL, 15, 'A4', 'Z4'),
(640, '2024-02-23', NULL, 16, 'A5', 'Z5'),
(641, '2024-02-23', NULL, 1, 'A1', 'Z1'),
(642, '2024-02-23', NULL, 2, 'A2', 'Z2'),
(643, '2024-02-23', NULL, 3, 'A3', 'Z3'),
(644, '2024-02-23', NULL, 4, 'A4', 'Z4'),
(645, '2024-02-23', NULL, 5, 'A5', 'Z5'),
(646, '2024-02-23', NULL, 6, 'A1', 'Z1'),
(647, '2024-02-23', NULL, 7, 'A2', 'Z2'),
(648, '2024-02-23', NULL, 8, 'A3', 'Z3'),
(649, '2024-02-23', NULL, 9, 'A4', 'Z4'),
(650, '2024-02-23', NULL, 10, 'A5', 'Z5'),
(651, '2024-02-23', NULL, 11, 'A1', 'Z1'),
(652, '2024-02-23', NULL, 12, 'A2', 'Z2'),
(653, '2024-02-23', NULL, 13, 'A3', 'Z3'),
(654, '2024-02-23', NULL, 14, 'A4', 'Z4'),
(655, '2024-02-23', NULL, 15, 'A5', 'Z5'),
(656, '2024-02-23', NULL, 16, 'A1', 'Z1'),
(657, '2024-02-23', NULL, 1, 'A2', 'Z2'),
(658, '2024-02-23', NULL, 2, 'A3', 'Z3'),
(659, '2024-02-23', NULL, 3, 'A4', 'Z4'),
(660, '2024-02-23', NULL, 4, 'A5', 'Z5'),
(661, '2024-02-23', NULL, 5, 'A1', 'Z1'),
(662, '2024-02-23', NULL, 6, 'A2', 'Z2'),
(663, '2024-02-23', NULL, 7, 'A3', 'Z3'),
(664, '2024-02-23', NULL, 8, 'A4', 'Z4'),
(665, '2024-02-23', NULL, 9, 'A5', 'Z5'),
(666, '2024-02-23', NULL, 10, 'A1', 'Z1'),
(667, '2024-02-23', NULL, 11, 'A2', 'Z2'),
(668, '2024-02-23', NULL, 12, 'A3', 'Z3'),
(669, '2024-02-23', NULL, 13, 'A4', 'Z4'),
(670, '2024-02-23', NULL, 14, 'A5', 'Z5'),
(671, '2024-02-23', NULL, 15, 'A1', 'Z1'),
(672, '2024-02-23', NULL, 16, 'A2', 'Z2'),
(673, '2024-02-23', NULL, 1, 'A3', 'Z3'),
(674, '2024-02-23', NULL, 2, 'A4', 'Z4'),
(675, '2024-02-23', NULL, 3, 'A5', 'Z5'),
(676, '2024-02-24', NULL, 4, 'A1', 'Z1'),
(677, '2024-02-24', NULL, 5, 'A2', 'Z2'),
(678, '2024-02-24', NULL, 6, 'A3', 'Z3'),
(679, '2024-02-24', NULL, 7, 'A4', 'Z4'),
(680, '2024-02-24', NULL, 8, 'A5', 'Z5'),
(681, '2024-02-24', NULL, 9, 'A1', 'Z1'),
(682, '2024-02-24', NULL, 10, 'A2', 'Z2'),
(683, '2024-02-24', NULL, 11, 'A3', 'Z3'),
(684, '2024-02-24', NULL, 12, 'A4', 'Z4'),
(685, '2024-02-24', NULL, 13, 'A5', 'Z5'),
(686, '2024-02-24', NULL, 14, 'A1', 'Z1'),
(687, '2024-02-24', NULL, 15, 'A2', 'Z2'),
(688, '2024-02-24', NULL, 16, 'A3', 'Z3'),
(689, '2024-02-24', NULL, 1, 'A4', 'Z4'),
(690, '2024-02-24', NULL, 2, 'A5', 'Z5'),
(691, '2024-02-24', NULL, 3, 'A1', 'Z1'),
(692, '2024-02-24', NULL, 4, 'A2', 'Z2'),
(693, '2024-02-24', NULL, 5, 'A3', 'Z3'),
(694, '2024-02-24', NULL, 6, 'A4', 'Z4'),
(695, '2024-02-24', NULL, 7, 'A5', 'Z5'),
(696, '2024-02-24', NULL, 8, 'A1', 'Z1'),
(697, '2024-02-24', NULL, 9, 'A2', 'Z2'),
(698, '2024-02-24', NULL, 10, 'A3', 'Z3'),
(699, '2024-02-24', NULL, 11, 'A4', 'Z4'),
(700, '2024-02-24', NULL, 12, 'A5', 'Z5'),
(701, '2024-02-24', NULL, 13, 'A1', 'Z1'),
(702, '2024-02-24', NULL, 14, 'A2', 'Z2'),
(703, '2024-02-24', NULL, 15, 'A3', 'Z3'),
(704, '2024-02-24', NULL, 16, 'A4', 'Z4'),
(705, '2024-02-24', NULL, 1, 'A5', 'Z5'),
(706, '2024-02-24', NULL, 2, 'A1', 'Z1'),
(707, '2024-02-24', NULL, 3, 'A2', 'Z2'),
(708, '2024-02-24', NULL, 4, 'A3', 'Z3'),
(709, '2024-02-24', NULL, 5, 'A4', 'Z4'),
(710, '2024-02-24', NULL, 6, 'A5', 'Z5'),
(711, '2024-02-24', NULL, 7, 'A1', 'Z1'),
(712, '2024-02-24', NULL, 8, 'A2', 'Z2'),
(713, '2024-02-24', NULL, 9, 'A3', 'Z3'),
(714, '2024-02-24', NULL, 10, 'A4', 'Z4'),
(715, '2024-02-24', NULL, 11, 'A5', 'Z5'),
(716, '2024-02-24', NULL, 12, 'A1', 'Z1'),
(717, '2024-02-24', NULL, 13, 'A2', 'Z2'),
(718, '2024-02-24', NULL, 14, 'A3', 'Z3'),
(719, '2024-02-24', NULL, 15, 'A4', 'Z4'),
(720, '2024-02-24', NULL, 16, 'A5', 'Z5'),
(721, '2024-02-24', NULL, 1, 'A1', 'Z1'),
(722, '2024-02-24', NULL, 2, 'A2', 'Z2'),
(723, '2024-02-24', NULL, 3, 'A3', 'Z3'),
(724, '2024-02-24', NULL, 4, 'A4', 'Z4'),
(725, '2024-02-24', NULL, 5, 'A5', 'Z5'),
(726, '2024-02-24', NULL, 6, 'A1', 'Z1'),
(727, '2024-02-24', NULL, 7, 'A2', 'Z2'),
(728, '2024-02-24', NULL, 8, 'A3', 'Z3'),
(729, '2024-02-24', NULL, 9, 'A4', 'Z4'),
(730, '2024-02-24', NULL, 10, 'A5', 'Z5'),
(731, '2024-02-24', NULL, 11, 'A1', 'Z1'),
(732, '2024-02-24', NULL, 12, 'A2', 'Z2'),
(733, '2024-02-24', NULL, 13, 'A3', 'Z3'),
(734, '2024-02-24', NULL, 14, 'A4', 'Z4'),
(735, '2024-02-24', NULL, 15, 'A5', 'Z5'),
(736, '2024-02-24', NULL, 16, 'A1', 'Z1'),
(737, '2024-02-24', NULL, 1, 'A2', 'Z2'),
(738, '2024-02-24', NULL, 2, 'A3', 'Z3'),
(739, '2024-02-24', NULL, 3, 'A4', 'Z4'),
(740, '2024-02-24', NULL, 4, 'A5', 'Z5'),
(741, '2024-02-24', NULL, 5, 'A1', 'Z1'),
(742, '2024-02-24', NULL, 6, 'A2', 'Z2'),
(743, '2024-02-24', NULL, 7, 'A3', 'Z3'),
(744, '2024-02-24', NULL, 8, 'A4', 'Z4'),
(745, '2024-02-24', NULL, 9, 'A5', 'Z5'),
(746, '2024-02-24', NULL, 10, 'A1', 'Z1'),
(747, '2024-02-24', NULL, 11, 'A2', 'Z2'),
(748, '2024-02-24', NULL, 12, 'A3', 'Z3'),
(749, '2024-02-24', NULL, 13, 'A4', 'Z4'),
(750, '2024-02-24', NULL, 14, 'A5', 'Z5'),
(751, '2024-02-25', NULL, 15, 'A1', 'Z1'),
(752, '2024-02-25', NULL, 16, 'A2', 'Z2'),
(753, '2024-02-25', NULL, 1, 'A3', 'Z3'),
(754, '2024-02-25', NULL, 2, 'A4', 'Z4'),
(755, '2024-02-25', NULL, 3, 'A5', 'Z5'),
(756, '2024-02-25', NULL, 4, 'A1', 'Z1'),
(757, '2024-02-25', NULL, 5, 'A2', 'Z2'),
(758, '2024-02-25', NULL, 6, 'A3', 'Z3'),
(759, '2024-02-25', NULL, 7, 'A4', 'Z4'),
(760, '2024-02-25', NULL, 8, 'A5', 'Z5'),
(761, '2024-02-25', NULL, 9, 'A1', 'Z1'),
(762, '2024-02-25', NULL, 10, 'A2', 'Z2'),
(763, '2024-02-25', NULL, 11, 'A3', 'Z3'),
(764, '2024-02-25', NULL, 12, 'A4', 'Z4'),
(765, '2024-02-25', NULL, 13, 'A5', 'Z5'),
(766, '2024-02-25', NULL, 14, 'A1', 'Z1'),
(767, '2024-02-25', NULL, 15, 'A2', 'Z2'),
(768, '2024-02-25', NULL, 16, 'A3', 'Z3'),
(769, '2024-02-25', NULL, 1, 'A4', 'Z4'),
(770, '2024-02-25', NULL, 2, 'A5', 'Z5'),
(771, '2024-02-25', NULL, 3, 'A1', 'Z1'),
(772, '2024-02-25', NULL, 4, 'A2', 'Z2'),
(773, '2024-02-25', NULL, 5, 'A3', 'Z3'),
(774, '2024-02-25', NULL, 6, 'A4', 'Z4'),
(775, '2024-02-25', NULL, 7, 'A5', 'Z5'),
(776, '2024-02-25', NULL, 8, 'A1', 'Z1'),
(777, '2024-02-25', NULL, 9, 'A2', 'Z2'),
(778, '2024-02-25', NULL, 10, 'A3', 'Z3'),
(779, '2024-02-25', NULL, 11, 'A4', 'Z4'),
(780, '2024-02-25', NULL, 12, 'A5', 'Z5'),
(781, '2024-02-25', NULL, 13, 'A1', 'Z1'),
(782, '2024-02-25', NULL, 14, 'A2', 'Z2'),
(783, '2024-02-25', NULL, 15, 'A3', 'Z3'),
(784, '2024-02-25', NULL, 16, 'A4', 'Z4'),
(785, '2024-02-25', NULL, 1, 'A5', 'Z5'),
(786, '2024-02-25', NULL, 2, 'A1', 'Z1'),
(787, '2024-02-25', NULL, 3, 'A2', 'Z2'),
(788, '2024-02-25', NULL, 4, 'A3', 'Z3'),
(789, '2024-02-25', NULL, 5, 'A4', 'Z4'),
(790, '2024-02-25', NULL, 6, 'A5', 'Z5'),
(791, '2024-02-25', NULL, 7, 'A1', 'Z1'),
(792, '2024-02-25', NULL, 8, 'A2', 'Z2'),
(793, '2024-02-25', NULL, 9, 'A3', 'Z3'),
(794, '2024-02-25', NULL, 10, 'A4', 'Z4'),
(795, '2024-02-25', NULL, 11, 'A5', 'Z5'),
(796, '2024-02-25', NULL, 12, 'A1', 'Z1'),
(797, '2024-02-25', NULL, 13, 'A2', 'Z2'),
(798, '2024-02-25', NULL, 14, 'A3', 'Z3'),
(799, '2024-02-25', NULL, 15, 'A4', 'Z4'),
(800, '2024-02-25', NULL, 16, 'A5', 'Z5'),
(801, '2024-02-25', NULL, 1, 'A1', 'Z1'),
(802, '2024-02-25', NULL, 2, 'A2', 'Z2'),
(803, '2024-02-25', NULL, 3, 'A3', 'Z3'),
(804, '2024-02-25', NULL, 4, 'A4', 'Z4'),
(805, '2024-02-25', NULL, 5, 'A5', 'Z5'),
(806, '2024-02-25', NULL, 6, 'A1', 'Z1'),
(807, '2024-02-25', NULL, 7, 'A2', 'Z2'),
(808, '2024-02-25', NULL, 8, 'A3', 'Z3'),
(809, '2024-02-25', NULL, 9, 'A4', 'Z4'),
(810, '2024-02-25', NULL, 10, 'A5', 'Z5'),
(811, '2024-02-25', NULL, 11, 'A1', 'Z1'),
(812, '2024-02-25', NULL, 12, 'A2', 'Z2'),
(813, '2024-02-25', NULL, 13, 'A3', 'Z3'),
(814, '2024-02-25', NULL, 14, 'A4', 'Z4'),
(815, '2024-02-25', NULL, 15, 'A5', 'Z5'),
(816, '2024-02-25', NULL, 16, 'A1', 'Z1'),
(817, '2024-02-25', NULL, 1, 'A2', 'Z2'),
(818, '2024-02-25', NULL, 2, 'A3', 'Z3'),
(819, '2024-02-25', NULL, 3, 'A4', 'Z4'),
(820, '2024-02-25', NULL, 4, 'A5', 'Z5'),
(821, '2024-02-25', NULL, 5, 'A1', 'Z1'),
(822, '2024-02-25', NULL, 6, 'A2', 'Z2'),
(823, '2024-02-25', NULL, 7, 'A3', 'Z3'),
(824, '2024-02-25', NULL, 8, 'A4', 'Z4'),
(825, '2024-02-25', NULL, 9, 'A5', 'Z5'),
(826, '2024-02-26', NULL, 10, 'A1', 'Z1'),
(827, '2024-02-26', NULL, 11, 'A2', 'Z2'),
(828, '2024-02-26', NULL, 12, 'A3', 'Z3'),
(829, '2024-02-26', NULL, 13, 'A4', 'Z4'),
(830, '2024-02-26', NULL, 14, 'A5', 'Z5'),
(831, '2024-02-26', NULL, 15, 'A1', 'Z1'),
(832, '2024-02-26', NULL, 16, 'A2', 'Z2'),
(833, '2024-02-26', NULL, 1, 'A3', 'Z3'),
(834, '2024-02-26', NULL, 2, 'A4', 'Z4'),
(835, '2024-02-26', NULL, 3, 'A5', 'Z5'),
(836, '2024-02-26', NULL, 4, 'A1', 'Z1'),
(837, '2024-02-26', NULL, 5, 'A2', 'Z2'),
(838, '2024-02-26', NULL, 6, 'A3', 'Z3'),
(839, '2024-02-26', NULL, 7, 'A4', 'Z4'),
(840, '2024-02-26', NULL, 8, 'A5', 'Z5'),
(841, '2024-02-26', NULL, 9, 'A1', 'Z1'),
(842, '2024-02-26', NULL, 10, 'A2', 'Z2'),
(843, '2024-02-26', NULL, 11, 'A3', 'Z3'),
(844, '2024-02-26', NULL, 12, 'A4', 'Z4'),
(845, '2024-02-26', NULL, 13, 'A5', 'Z5'),
(846, '2024-02-26', NULL, 14, 'A1', 'Z1'),
(847, '2024-02-26', NULL, 15, 'A2', 'Z2'),
(848, '2024-02-26', NULL, 16, 'A3', 'Z3'),
(849, '2024-02-26', NULL, 1, 'A4', 'Z4'),
(850, '2024-02-26', NULL, 2, 'A5', 'Z5'),
(851, '2024-02-26', NULL, 3, 'A1', 'Z1'),
(852, '2024-02-26', NULL, 4, 'A2', 'Z2'),
(853, '2024-02-26', NULL, 5, 'A3', 'Z3'),
(854, '2024-02-26', NULL, 6, 'A4', 'Z4'),
(855, '2024-02-26', NULL, 7, 'A5', 'Z5'),
(856, '2024-02-26', NULL, 8, 'A1', 'Z1'),
(857, '2024-02-26', NULL, 9, 'A2', 'Z2'),
(858, '2024-02-26', NULL, 10, 'A3', 'Z3'),
(859, '2024-02-26', NULL, 11, 'A4', 'Z4'),
(860, '2024-02-26', NULL, 12, 'A5', 'Z5'),
(861, '2024-02-26', NULL, 13, 'A1', 'Z1'),
(862, '2024-02-26', NULL, 14, 'A2', 'Z2'),
(863, '2024-02-26', NULL, 15, 'A3', 'Z3'),
(864, '2024-02-26', NULL, 16, 'A4', 'Z4'),
(865, '2024-02-26', NULL, 1, 'A5', 'Z5'),
(866, '2024-02-26', NULL, 2, 'A1', 'Z1'),
(867, '2024-02-26', NULL, 3, 'A2', 'Z2'),
(868, '2024-02-26', NULL, 4, 'A3', 'Z3'),
(869, '2024-02-26', NULL, 5, 'A4', 'Z4'),
(870, '2024-02-26', NULL, 6, 'A5', 'Z5'),
(871, '2024-02-26', NULL, 7, 'A1', 'Z1'),
(872, '2024-02-26', NULL, 8, 'A2', 'Z2'),
(873, '2024-02-26', NULL, 9, 'A3', 'Z3'),
(874, '2024-02-26', NULL, 10, 'A4', 'Z4'),
(875, '2024-02-26', NULL, 11, 'A5', 'Z5'),
(876, '2024-02-26', NULL, 12, 'A1', 'Z1'),
(877, '2024-02-26', NULL, 13, 'A2', 'Z2'),
(878, '2024-02-26', NULL, 14, 'A3', 'Z3'),
(879, '2024-02-26', NULL, 15, 'A4', 'Z4'),
(880, '2024-02-26', NULL, 16, 'A5', 'Z5'),
(881, '2024-02-26', NULL, 1, 'A1', 'Z1'),
(882, '2024-02-26', NULL, 2, 'A2', 'Z2'),
(883, '2024-02-26', NULL, 3, 'A3', 'Z3'),
(884, '2024-02-26', NULL, 4, 'A4', 'Z4'),
(885, '2024-02-26', NULL, 5, 'A5', 'Z5'),
(886, '2024-02-26', NULL, 6, 'A1', 'Z1'),
(887, '2024-02-26', NULL, 7, 'A2', 'Z2'),
(888, '2024-02-26', NULL, 8, 'A3', 'Z3'),
(889, '2024-02-26', NULL, 9, 'A4', 'Z4'),
(890, '2024-02-26', NULL, 10, 'A5', 'Z5'),
(891, '2024-02-26', NULL, 11, 'A1', 'Z1'),
(892, '2024-02-26', NULL, 12, 'A2', 'Z2'),
(893, '2024-02-26', NULL, 13, 'A3', 'Z3'),
(894, '2024-02-26', NULL, 14, 'A4', 'Z4'),
(895, '2024-02-26', NULL, 15, 'A5', 'Z5'),
(896, '2024-02-26', NULL, 16, 'A1', 'Z1'),
(897, '2024-02-26', NULL, 1, 'A2', 'Z2'),
(898, '2024-02-26', NULL, 2, 'A3', 'Z3'),
(899, '2024-02-26', NULL, 3, 'A4', 'Z4'),
(900, '2024-02-26', NULL, 4, 'A5', 'Z5'),
(901, '2024-02-27', NULL, 5, 'A1', 'Z1'),
(902, '2024-02-27', NULL, 6, 'A2', 'Z2'),
(903, '2024-02-27', NULL, 7, 'A3', 'Z3'),
(904, '2024-02-27', NULL, 8, 'A4', 'Z4'),
(905, '2024-02-27', NULL, 9, 'A5', 'Z5'),
(906, '2024-02-27', NULL, 10, 'A1', 'Z1'),
(907, '2024-02-27', NULL, 11, 'A2', 'Z2'),
(908, '2024-02-27', NULL, 12, 'A3', 'Z3'),
(909, '2024-02-27', NULL, 13, 'A4', 'Z4'),
(910, '2024-02-27', NULL, 14, 'A5', 'Z5'),
(911, '2024-02-27', NULL, 15, 'A1', 'Z1'),
(912, '2024-02-27', NULL, 16, 'A2', 'Z2'),
(913, '2024-02-27', NULL, 1, 'A3', 'Z3'),
(914, '2024-02-27', NULL, 2, 'A4', 'Z4'),
(915, '2024-02-27', NULL, 3, 'A5', 'Z5'),
(916, '2024-02-27', NULL, 4, 'A1', 'Z1'),
(917, '2024-02-27', NULL, 5, 'A2', 'Z2'),
(918, '2024-02-27', NULL, 6, 'A3', 'Z3'),
(919, '2024-02-27', NULL, 7, 'A4', 'Z4'),
(920, '2024-02-27', NULL, 8, 'A5', 'Z5'),
(921, '2024-02-27', NULL, 9, 'A1', 'Z1'),
(922, '2024-02-27', NULL, 10, 'A2', 'Z2'),
(923, '2024-02-27', NULL, 11, 'A3', 'Z3'),
(924, '2024-02-27', NULL, 12, 'A4', 'Z4'),
(925, '2024-02-27', NULL, 13, 'A5', 'Z5'),
(926, '2024-02-27', NULL, 14, 'A1', 'Z1'),
(927, '2024-02-27', NULL, 15, 'A2', 'Z2'),
(928, '2024-02-27', NULL, 16, 'A3', 'Z3'),
(929, '2024-02-27', NULL, 1, 'A4', 'Z4'),
(930, '2024-02-27', NULL, 2, 'A5', 'Z5'),
(931, '2024-02-27', NULL, 3, 'A1', 'Z1'),
(932, '2024-02-27', NULL, 4, 'A2', 'Z2'),
(933, '2024-02-27', NULL, 5, 'A3', 'Z3'),
(934, '2024-02-27', NULL, 6, 'A4', 'Z4'),
(935, '2024-02-27', NULL, 7, 'A5', 'Z5'),
(936, '2024-02-27', NULL, 8, 'A1', 'Z1'),
(937, '2024-02-27', NULL, 9, 'A2', 'Z2'),
(938, '2024-02-27', NULL, 10, 'A3', 'Z3'),
(939, '2024-02-27', NULL, 11, 'A4', 'Z4'),
(940, '2024-02-27', NULL, 12, 'A5', 'Z5'),
(941, '2024-02-27', NULL, 13, 'A1', 'Z1'),
(942, '2024-02-27', NULL, 14, 'A2', 'Z2'),
(943, '2024-02-27', NULL, 15, 'A3', 'Z3'),
(944, '2024-02-27', NULL, 16, 'A4', 'Z4'),
(945, '2024-02-27', NULL, 1, 'A5', 'Z5'),
(946, '2024-02-27', NULL, 2, 'A1', 'Z1'),
(947, '2024-02-27', NULL, 3, 'A2', 'Z2'),
(948, '2024-02-27', NULL, 4, 'A3', 'Z3'),
(949, '2024-02-27', NULL, 5, 'A4', 'Z4'),
(950, '2024-02-27', NULL, 6, 'A5', 'Z5'),
(951, '2024-02-27', NULL, 7, 'A1', 'Z1'),
(952, '2024-02-27', NULL, 8, 'A2', 'Z2'),
(953, '2024-02-27', NULL, 9, 'A3', 'Z3'),
(954, '2024-02-27', NULL, 10, 'A4', 'Z4'),
(955, '2024-02-27', NULL, 11, 'A5', 'Z5'),
(956, '2024-02-27', NULL, 12, 'A1', 'Z1'),
(957, '2024-02-27', NULL, 13, 'A2', 'Z2'),
(958, '2024-02-27', NULL, 14, 'A3', 'Z3'),
(959, '2024-02-27', NULL, 15, 'A4', 'Z4'),
(960, '2024-02-27', NULL, 16, 'A5', 'Z5'),
(961, '2024-02-27', NULL, 1, 'A1', 'Z1'),
(962, '2024-02-27', NULL, 2, 'A2', 'Z2'),
(963, '2024-02-27', NULL, 3, 'A3', 'Z3'),
(964, '2024-02-27', NULL, 4, 'A4', 'Z4'),
(965, '2024-02-27', NULL, 5, 'A5', 'Z5'),
(966, '2024-02-27', NULL, 6, 'A1', 'Z1'),
(967, '2024-02-27', NULL, 7, 'A2', 'Z2'),
(968, '2024-02-27', NULL, 8, 'A3', 'Z3'),
(969, '2024-02-27', NULL, 9, 'A4', 'Z4'),
(970, '2024-02-27', NULL, 10, 'A5', 'Z5'),
(971, '2024-02-27', NULL, 11, 'A1', 'Z1'),
(972, '2024-02-27', NULL, 12, 'A2', 'Z2'),
(973, '2024-02-27', NULL, 13, 'A3', 'Z3'),
(974, '2024-02-27', NULL, 14, 'A4', 'Z4'),
(975, '2024-02-27', NULL, 15, 'A5', 'Z5'),
(976, '2024-02-28', NULL, 16, 'A1', 'Z1'),
(977, '2024-02-28', NULL, 1, 'A2', 'Z2'),
(978, '2024-02-28', NULL, 2, 'A3', 'Z3'),
(979, '2024-02-28', NULL, 3, 'A4', 'Z4'),
(980, '2024-02-28', NULL, 4, 'A5', 'Z5'),
(981, '2024-02-28', NULL, 5, 'A1', 'Z1'),
(982, '2024-02-28', NULL, 6, 'A2', 'Z2'),
(983, '2024-02-28', NULL, 7, 'A3', 'Z3'),
(984, '2024-02-28', NULL, 8, 'A4', 'Z4'),
(985, '2024-02-28', NULL, 9, 'A5', 'Z5'),
(986, '2024-02-28', NULL, 10, 'A1', 'Z1'),
(987, '2024-02-28', NULL, 11, 'A2', 'Z2'),
(988, '2024-02-28', NULL, 12, 'A3', 'Z3'),
(989, '2024-02-28', NULL, 13, 'A4', 'Z4'),
(990, '2024-02-28', NULL, 14, 'A5', 'Z5'),
(991, '2024-02-28', NULL, 15, 'A1', 'Z1'),
(992, '2024-02-28', NULL, 16, 'A2', 'Z2'),
(993, '2024-02-28', NULL, 1, 'A3', 'Z3'),
(994, '2024-02-28', NULL, 2, 'A4', 'Z4'),
(995, '2024-02-28', NULL, 3, 'A5', 'Z5'),
(996, '2024-02-28', NULL, 4, 'A1', 'Z1'),
(997, '2024-02-28', NULL, 5, 'A2', 'Z2'),
(998, '2024-02-28', NULL, 6, 'A3', 'Z3'),
(999, '2024-02-28', NULL, 7, 'A4', 'Z4'),
(1000, '2024-02-28', NULL, 8, 'A5', 'Z5'),
(1001, '2024-02-28', NULL, 9, 'A1', 'Z1'),
(1002, '2024-02-28', NULL, 10, 'A2', 'Z2'),
(1003, '2024-02-28', NULL, 11, 'A3', 'Z3'),
(1004, '2024-02-28', NULL, 12, 'A4', 'Z4'),
(1005, '2024-02-28', NULL, 13, 'A5', 'Z5'),
(1006, '2024-02-28', NULL, 14, 'A1', 'Z1'),
(1007, '2024-02-28', NULL, 15, 'A2', 'Z2'),
(1008, '2024-02-28', NULL, 16, 'A3', 'Z3'),
(1009, '2024-02-28', NULL, 1, 'A4', 'Z4'),
(1010, '2024-02-28', NULL, 2, 'A5', 'Z5'),
(1011, '2024-02-28', NULL, 3, 'A1', 'Z1'),
(1012, '2024-02-28', NULL, 4, 'A2', 'Z2'),
(1013, '2024-02-28', NULL, 5, 'A3', 'Z3'),
(1014, '2024-02-28', NULL, 6, 'A4', 'Z4'),
(1015, '2024-02-28', NULL, 7, 'A5', 'Z5'),
(1016, '2024-02-28', NULL, 8, 'A1', 'Z1'),
(1017, '2024-02-28', NULL, 9, 'A2', 'Z2'),
(1018, '2024-02-28', NULL, 10, 'A3', 'Z3'),
(1019, '2024-02-28', NULL, 11, 'A4', 'Z4'),
(1020, '2024-02-28', NULL, 12, 'A5', 'Z5'),
(1021, '2024-02-28', NULL, 13, 'A1', 'Z1'),
(1022, '2024-02-28', NULL, 14, 'A2', 'Z2'),
(1023, '2024-02-28', NULL, 15, 'A3', 'Z3'),
(1024, '2024-02-28', NULL, 16, 'A4', 'Z4'),
(1025, '2024-02-28', NULL, 1, 'A5', 'Z5'),
(1026, '2024-02-28', NULL, 2, 'A1', 'Z1'),
(1027, '2024-02-28', NULL, 3, 'A2', 'Z2'),
(1028, '2024-02-28', NULL, 4, 'A3', 'Z3'),
(1029, '2024-02-28', NULL, 5, 'A4', 'Z4'),
(1030, '2024-02-28', NULL, 6, 'A5', 'Z5'),
(1031, '2024-02-28', NULL, 7, 'A1', 'Z1'),
(1032, '2024-02-28', NULL, 8, 'A2', 'Z2'),
(1033, '2024-02-28', NULL, 9, 'A3', 'Z3'),
(1034, '2024-02-28', NULL, 10, 'A4', 'Z4'),
(1035, '2024-02-28', NULL, 11, 'A5', 'Z5'),
(1036, '2024-02-28', NULL, 12, 'A1', 'Z1'),
(1037, '2024-02-28', NULL, 13, 'A2', 'Z2'),
(1038, '2024-02-28', NULL, 14, 'A3', 'Z3'),
(1039, '2024-02-28', NULL, 15, 'A4', 'Z4'),
(1040, '2024-02-28', NULL, 16, 'A5', 'Z5'),
(1041, '2024-02-28', NULL, 1, 'A1', 'Z1'),
(1042, '2024-02-28', NULL, 2, 'A2', 'Z2'),
(1043, '2024-02-28', NULL, 3, 'A3', 'Z3'),
(1044, '2024-02-28', NULL, 4, 'A4', 'Z4'),
(1045, '2024-02-28', NULL, 5, 'A5', 'Z5'),
(1046, '2024-02-28', NULL, 6, 'A1', 'Z1'),
(1047, '2024-02-28', NULL, 7, 'A2', 'Z2'),
(1048, '2024-02-28', NULL, 8, 'A3', 'Z3'),
(1049, '2024-02-28', NULL, 9, 'A4', 'Z4'),
(1050, '2024-02-28', NULL, 10, 'A5', 'Z5'),
(1051, '2024-02-29', NULL, 11, 'A1', 'Z1'),
(1052, '2024-02-29', NULL, 12, 'A2', 'Z2'),
(1053, '2024-02-29', NULL, 13, 'A3', 'Z3'),
(1054, '2024-02-29', NULL, 14, 'A4', 'Z4'),
(1055, '2024-02-29', NULL, 15, 'A5', 'Z5'),
(1056, '2024-02-29', NULL, 16, 'A1', 'Z1'),
(1057, '2024-02-29', NULL, 1, 'A2', 'Z2'),
(1058, '2024-02-29', NULL, 2, 'A3', 'Z3'),
(1059, '2024-02-29', NULL, 3, 'A4', 'Z4'),
(1060, '2024-02-29', NULL, 4, 'A5', 'Z5'),
(1061, '2024-02-29', NULL, 5, 'A1', 'Z1'),
(1062, '2024-02-29', NULL, 6, 'A2', 'Z2'),
(1063, '2024-02-29', NULL, 7, 'A3', 'Z3'),
(1064, '2024-02-29', NULL, 8, 'A4', 'Z4'),
(1065, '2024-02-29', NULL, 9, 'A5', 'Z5'),
(1066, '2024-02-29', NULL, 10, 'A1', 'Z1'),
(1067, '2024-02-29', NULL, 11, 'A2', 'Z2'),
(1068, '2024-02-29', NULL, 12, 'A3', 'Z3'),
(1069, '2024-02-29', NULL, 13, 'A4', 'Z4'),
(1070, '2024-02-29', NULL, 14, 'A5', 'Z5'),
(1071, '2024-02-29', NULL, 15, 'A1', 'Z1'),
(1072, '2024-02-29', NULL, 16, 'A2', 'Z2'),
(1073, '2024-02-29', NULL, 1, 'A3', 'Z3'),
(1074, '2024-02-29', NULL, 2, 'A4', 'Z4'),
(1075, '2024-02-29', NULL, 3, 'A5', 'Z5'),
(1076, '2024-02-29', NULL, 4, 'A1', 'Z1'),
(1077, '2024-02-29', NULL, 5, 'A2', 'Z2'),
(1078, '2024-02-29', NULL, 6, 'A3', 'Z3'),
(1079, '2024-02-29', NULL, 7, 'A4', 'Z4'),
(1080, '2024-02-29', NULL, 8, 'A5', 'Z5'),
(1081, '2024-02-29', NULL, 9, 'A1', 'Z1'),
(1082, '2024-02-29', NULL, 10, 'A2', 'Z2'),
(1083, '2024-02-29', NULL, 11, 'A3', 'Z3'),
(1084, '2024-02-29', NULL, 12, 'A4', 'Z4'),
(1085, '2024-02-29', NULL, 13, 'A5', 'Z5'),
(1086, '2024-02-29', NULL, 14, 'A1', 'Z1'),
(1087, '2024-02-29', NULL, 15, 'A2', 'Z2'),
(1088, '2024-02-29', NULL, 16, 'A3', 'Z3'),
(1089, '2024-02-29', NULL, 1, 'A4', 'Z4'),
(1090, '2024-02-29', NULL, 2, 'A5', 'Z5'),
(1091, '2024-02-29', NULL, 3, 'A1', 'Z1'),
(1092, '2024-02-29', NULL, 4, 'A2', 'Z2'),
(1093, '2024-02-29', NULL, 5, 'A3', 'Z3'),
(1094, '2024-02-29', NULL, 6, 'A4', 'Z4'),
(1095, '2024-02-29', NULL, 7, 'A5', 'Z5'),
(1096, '2024-02-29', NULL, 8, 'A1', 'Z1'),
(1097, '2024-02-29', NULL, 9, 'A2', 'Z2'),
(1098, '2024-02-29', NULL, 10, 'A3', 'Z3'),
(1099, '2024-02-29', NULL, 11, 'A4', 'Z4'),
(1100, '2024-02-29', NULL, 12, 'A5', 'Z5'),
(1101, '2024-02-29', NULL, 13, 'A1', 'Z1'),
(1102, '2024-02-29', NULL, 14, 'A2', 'Z2'),
(1103, '2024-02-29', NULL, 15, 'A3', 'Z3'),
(1104, '2024-02-29', NULL, 16, 'A4', 'Z4'),
(1105, '2024-02-29', NULL, 1, 'A5', 'Z5'),
(1106, '2024-02-29', NULL, 2, 'A1', 'Z1'),
(1107, '2024-02-29', NULL, 3, 'A2', 'Z2'),
(1108, '2024-02-29', NULL, 4, 'A3', 'Z3'),
(1109, '2024-02-29', NULL, 5, 'A4', 'Z4'),
(1110, '2024-02-29', NULL, 6, 'A5', 'Z5'),
(1111, '2024-02-29', NULL, 7, 'A1', 'Z1'),
(1112, '2024-02-29', NULL, 8, 'A2', 'Z2'),
(1113, '2024-02-29', NULL, 9, 'A3', 'Z3'),
(1114, '2024-02-29', NULL, 10, 'A4', 'Z4'),
(1115, '2024-02-29', NULL, 11, 'A5', 'Z5'),
(1116, '2024-02-29', NULL, 12, 'A1', 'Z1'),
(1117, '2024-02-29', NULL, 13, 'A2', 'Z2'),
(1118, '2024-02-29', NULL, 14, 'A3', 'Z3'),
(1119, '2024-02-29', NULL, 15, 'A4', 'Z4'),
(1120, '2024-02-29', NULL, 16, 'A5', 'Z5'),
(1121, '2024-02-29', NULL, 1, 'A1', 'Z1'),
(1122, '2024-02-29', NULL, 2, 'A2', 'Z2'),
(1123, '2024-02-29', NULL, 3, 'A3', 'Z3'),
(1124, '2024-02-29', NULL, 4, 'A4', 'Z4'),
(1125, '2024-02-29', NULL, 5, 'A5', 'Z5'),
(1126, '2024-03-01', NULL, 6, 'A1', 'Z1'),
(1127, '2024-03-01', NULL, 7, 'A2', 'Z2'),
(1128, '2024-03-01', NULL, 8, 'A3', 'Z3'),
(1129, '2024-03-01', NULL, 9, 'A4', 'Z4'),
(1130, '2024-03-01', NULL, 10, 'A5', 'Z5'),
(1131, '2024-03-01', NULL, 11, 'A1', 'Z1'),
(1132, '2024-03-01', NULL, 12, 'A2', 'Z2'),
(1133, '2024-03-01', NULL, 13, 'A3', 'Z3'),
(1134, '2024-03-01', NULL, 14, 'A4', 'Z4'),
(1135, '2024-03-01', NULL, 15, 'A5', 'Z5'),
(1136, '2024-03-01', NULL, 16, 'A1', 'Z1'),
(1137, '2024-03-01', NULL, 1, 'A2', 'Z2'),
(1138, '2024-03-01', NULL, 2, 'A3', 'Z3'),
(1139, '2024-03-01', NULL, 3, 'A4', 'Z4'),
(1140, '2024-03-01', NULL, 4, 'A5', 'Z5'),
(1141, '2024-03-01', NULL, 5, 'A1', 'Z1'),
(1142, '2024-03-01', NULL, 6, 'A2', 'Z2'),
(1143, '2024-03-01', NULL, 7, 'A3', 'Z3'),
(1144, '2024-03-01', NULL, 8, 'A4', 'Z4'),
(1145, '2024-03-01', NULL, 9, 'A5', 'Z5'),
(1146, '2024-03-01', NULL, 10, 'A1', 'Z1'),
(1147, '2024-03-01', NULL, 11, 'A2', 'Z2'),
(1148, '2024-03-01', NULL, 12, 'A3', 'Z3'),
(1149, '2024-03-01', NULL, 13, 'A4', 'Z4'),
(1150, '2024-03-01', NULL, 14, 'A5', 'Z5'),
(1151, '2024-03-01', NULL, 15, 'A1', 'Z1'),
(1152, '2024-03-01', NULL, 16, 'A2', 'Z2'),
(1153, '2024-03-01', NULL, 1, 'A3', 'Z3'),
(1154, '2024-03-01', NULL, 2, 'A4', 'Z4'),
(1155, '2024-03-01', NULL, 3, 'A5', 'Z5'),
(1156, '2024-03-01', NULL, 4, 'A1', 'Z1'),
(1157, '2024-03-01', NULL, 5, 'A2', 'Z2'),
(1158, '2024-03-01', NULL, 6, 'A3', 'Z3'),
(1159, '2024-03-01', NULL, 7, 'A4', 'Z4'),
(1160, '2024-03-01', NULL, 8, 'A5', 'Z5'),
(1161, '2024-03-01', NULL, 9, 'A1', 'Z1'),
(1162, '2024-03-01', NULL, 10, 'A2', 'Z2'),
(1163, '2024-03-01', NULL, 11, 'A3', 'Z3'),
(1164, '2024-03-01', NULL, 12, 'A4', 'Z4'),
(1165, '2024-03-01', NULL, 13, 'A5', 'Z5'),
(1166, '2024-03-01', NULL, 14, 'A1', 'Z1'),
(1167, '2024-03-01', NULL, 15, 'A2', 'Z2'),
(1168, '2024-03-01', NULL, 16, 'A3', 'Z3'),
(1169, '2024-03-01', NULL, 1, 'A4', 'Z4'),
(1170, '2024-03-01', NULL, 2, 'A5', 'Z5'),
(1171, '2024-03-01', NULL, 3, 'A1', 'Z1'),
(1172, '2024-03-01', NULL, 4, 'A2', 'Z2'),
(1173, '2024-03-01', NULL, 5, 'A3', 'Z3'),
(1174, '2024-03-01', NULL, 6, 'A4', 'Z4'),
(1175, '2024-03-01', NULL, 7, 'A5', 'Z5'),
(1176, '2024-03-01', NULL, 8, 'A1', 'Z1'),
(1177, '2024-03-01', NULL, 9, 'A2', 'Z2'),
(1178, '2024-03-01', NULL, 10, 'A3', 'Z3'),
(1179, '2024-03-01', NULL, 11, 'A4', 'Z4'),
(1180, '2024-03-01', NULL, 12, 'A5', 'Z5'),
(1181, '2024-03-01', NULL, 13, 'A1', 'Z1'),
(1182, '2024-03-01', NULL, 14, 'A2', 'Z2'),
(1183, '2024-03-01', NULL, 15, 'A3', 'Z3'),
(1184, '2024-03-01', NULL, 16, 'A4', 'Z4'),
(1185, '2024-03-01', NULL, 1, 'A5', 'Z5'),
(1186, '2024-03-01', NULL, 2, 'A1', 'Z1'),
(1187, '2024-03-01', NULL, 3, 'A2', 'Z2'),
(1188, '2024-03-01', NULL, 4, 'A3', 'Z3'),
(1189, '2024-03-01', NULL, 5, 'A4', 'Z4'),
(1190, '2024-03-01', NULL, 6, 'A5', 'Z5'),
(1191, '2024-03-01', NULL, 7, 'A1', 'Z1'),
(1192, '2024-03-01', NULL, 8, 'A2', 'Z2'),
(1193, '2024-03-01', NULL, 9, 'A3', 'Z3'),
(1194, '2024-03-01', NULL, 10, 'A4', 'Z4'),
(1195, '2024-03-01', NULL, 11, 'A5', 'Z5'),
(1196, '2024-03-01', NULL, 12, 'A1', 'Z1'),
(1197, '2024-03-01', NULL, 13, 'A2', 'Z2'),
(1198, '2024-03-01', NULL, 14, 'A3', 'Z3'),
(1199, '2024-03-01', NULL, 15, 'A4', 'Z4'),
(1200, '2024-03-01', NULL, 16, 'A5', 'Z5'),
(1201, '2024-03-02', NULL, 1, 'A1', 'Z1'),
(1202, '2024-03-02', NULL, 2, 'A2', 'Z2'),
(1203, '2024-03-02', NULL, 3, 'A3', 'Z3'),
(1204, '2024-03-02', NULL, 4, 'A4', 'Z4'),
(1205, '2024-03-02', NULL, 5, 'A5', 'Z5'),
(1206, '2024-03-02', NULL, 6, 'A1', 'Z1'),
(1207, '2024-03-02', NULL, 7, 'A2', 'Z2'),
(1208, '2024-03-02', NULL, 8, 'A3', 'Z3'),
(1209, '2024-03-02', NULL, 9, 'A4', 'Z4'),
(1210, '2024-03-02', NULL, 10, 'A5', 'Z5'),
(1211, '2024-03-02', NULL, 11, 'A1', 'Z1'),
(1212, '2024-03-02', NULL, 12, 'A2', 'Z2'),
(1213, '2024-03-02', NULL, 13, 'A3', 'Z3'),
(1214, '2024-03-02', NULL, 14, 'A4', 'Z4'),
(1215, '2024-03-02', NULL, 15, 'A5', 'Z5'),
(1216, '2024-03-02', NULL, 16, 'A1', 'Z1'),
(1217, '2024-03-02', NULL, 1, 'A2', 'Z2'),
(1218, '2024-03-02', NULL, 2, 'A3', 'Z3'),
(1219, '2024-03-02', NULL, 3, 'A4', 'Z4'),
(1220, '2024-03-02', NULL, 4, 'A5', 'Z5'),
(1221, '2024-03-02', NULL, 5, 'A1', 'Z1'),
(1222, '2024-03-02', NULL, 6, 'A2', 'Z2'),
(1223, '2024-03-02', NULL, 7, 'A3', 'Z3'),
(1224, '2024-03-02', NULL, 8, 'A4', 'Z4'),
(1225, '2024-03-02', NULL, 9, 'A5', 'Z5'),
(1226, '2024-03-02', NULL, 10, 'A1', 'Z1'),
(1227, '2024-03-02', NULL, 11, 'A2', 'Z2'),
(1228, '2024-03-02', NULL, 12, 'A3', 'Z3'),
(1229, '2024-03-02', NULL, 13, 'A4', 'Z4'),
(1230, '2024-03-02', NULL, 14, 'A5', 'Z5');
INSERT INTO `saioa` (`saioa_id`, `eguna`, `ordutegia`, `filma_id`, `aretoa_id`, `zinema_id`) VALUES
(1231, '2024-03-02', NULL, 15, 'A1', 'Z1'),
(1232, '2024-03-02', NULL, 16, 'A2', 'Z2'),
(1233, '2024-03-02', NULL, 1, 'A3', 'Z3'),
(1234, '2024-03-02', NULL, 2, 'A4', 'Z4'),
(1235, '2024-03-02', NULL, 3, 'A5', 'Z5'),
(1236, '2024-03-02', NULL, 4, 'A1', 'Z1'),
(1237, '2024-03-02', NULL, 5, 'A2', 'Z2'),
(1238, '2024-03-02', NULL, 6, 'A3', 'Z3'),
(1239, '2024-03-02', NULL, 7, 'A4', 'Z4'),
(1240, '2024-03-02', NULL, 8, 'A5', 'Z5'),
(1241, '2024-03-02', NULL, 9, 'A1', 'Z1'),
(1242, '2024-03-02', NULL, 10, 'A2', 'Z2'),
(1243, '2024-03-02', NULL, 11, 'A3', 'Z3'),
(1244, '2024-03-02', NULL, 12, 'A4', 'Z4'),
(1245, '2024-03-02', NULL, 13, 'A5', 'Z5'),
(1246, '2024-03-02', NULL, 14, 'A1', 'Z1'),
(1247, '2024-03-02', NULL, 15, 'A2', 'Z2'),
(1248, '2024-03-02', NULL, 16, 'A3', 'Z3'),
(1249, '2024-03-02', NULL, 1, 'A4', 'Z4'),
(1250, '2024-03-02', NULL, 2, 'A5', 'Z5'),
(1251, '2024-03-02', NULL, 3, 'A1', 'Z1'),
(1252, '2024-03-02', NULL, 4, 'A2', 'Z2'),
(1253, '2024-03-02', NULL, 5, 'A3', 'Z3'),
(1254, '2024-03-02', NULL, 6, 'A4', 'Z4'),
(1255, '2024-03-02', NULL, 7, 'A5', 'Z5'),
(1256, '2024-03-02', NULL, 8, 'A1', 'Z1'),
(1257, '2024-03-02', NULL, 9, 'A2', 'Z2'),
(1258, '2024-03-02', NULL, 10, 'A3', 'Z3'),
(1259, '2024-03-02', NULL, 11, 'A4', 'Z4'),
(1260, '2024-03-02', NULL, 12, 'A5', 'Z5'),
(1261, '2024-03-02', NULL, 13, 'A1', 'Z1'),
(1262, '2024-03-02', NULL, 14, 'A2', 'Z2'),
(1263, '2024-03-02', NULL, 15, 'A3', 'Z3'),
(1264, '2024-03-02', NULL, 16, 'A4', 'Z4'),
(1265, '2024-03-02', NULL, 1, 'A5', 'Z5'),
(1266, '2024-03-02', NULL, 2, 'A1', 'Z1'),
(1267, '2024-03-02', NULL, 3, 'A2', 'Z2'),
(1268, '2024-03-02', NULL, 4, 'A3', 'Z3'),
(1269, '2024-03-02', NULL, 5, 'A4', 'Z4'),
(1270, '2024-03-02', NULL, 6, 'A5', 'Z5'),
(1271, '2024-03-02', NULL, 7, 'A1', 'Z1'),
(1272, '2024-03-02', NULL, 8, 'A2', 'Z2'),
(1273, '2024-03-02', NULL, 9, 'A3', 'Z3'),
(1274, '2024-03-02', NULL, 10, 'A4', 'Z4'),
(1275, '2024-03-02', NULL, 11, 'A5', 'Z5'),
(1276, '2024-03-03', NULL, 12, 'A1', 'Z1'),
(1277, '2024-03-03', NULL, 13, 'A2', 'Z2'),
(1278, '2024-03-03', NULL, 14, 'A3', 'Z3'),
(1279, '2024-03-03', NULL, 15, 'A4', 'Z4'),
(1280, '2024-03-03', NULL, 16, 'A5', 'Z5'),
(1281, '2024-03-03', NULL, 1, 'A1', 'Z1'),
(1282, '2024-03-03', NULL, 2, 'A2', 'Z2'),
(1283, '2024-03-03', NULL, 3, 'A3', 'Z3'),
(1284, '2024-03-03', NULL, 4, 'A4', 'Z4'),
(1285, '2024-03-03', NULL, 5, 'A5', 'Z5'),
(1286, '2024-03-03', NULL, 6, 'A1', 'Z1'),
(1287, '2024-03-03', NULL, 7, 'A2', 'Z2'),
(1288, '2024-03-03', NULL, 8, 'A3', 'Z3'),
(1289, '2024-03-03', NULL, 9, 'A4', 'Z4'),
(1290, '2024-03-03', NULL, 10, 'A5', 'Z5'),
(1291, '2024-03-03', NULL, 11, 'A1', 'Z1'),
(1292, '2024-03-03', NULL, 12, 'A2', 'Z2'),
(1293, '2024-03-03', NULL, 13, 'A3', 'Z3'),
(1294, '2024-03-03', NULL, 14, 'A4', 'Z4'),
(1295, '2024-03-03', NULL, 15, 'A5', 'Z5'),
(1296, '2024-03-03', NULL, 16, 'A1', 'Z1'),
(1297, '2024-03-03', NULL, 1, 'A2', 'Z2'),
(1298, '2024-03-03', NULL, 2, 'A3', 'Z3'),
(1299, '2024-03-03', NULL, 3, 'A4', 'Z4'),
(1300, '2024-03-03', NULL, 4, 'A5', 'Z5'),
(1301, '2024-03-03', NULL, 5, 'A1', 'Z1'),
(1302, '2024-03-03', NULL, 6, 'A2', 'Z2'),
(1303, '2024-03-03', NULL, 7, 'A3', 'Z3'),
(1304, '2024-03-03', NULL, 8, 'A4', 'Z4'),
(1305, '2024-03-03', NULL, 9, 'A5', 'Z5'),
(1306, '2024-03-03', NULL, 10, 'A1', 'Z1'),
(1307, '2024-03-03', NULL, 11, 'A2', 'Z2'),
(1308, '2024-03-03', NULL, 12, 'A3', 'Z3'),
(1309, '2024-03-03', NULL, 13, 'A4', 'Z4'),
(1310, '2024-03-03', NULL, 14, 'A5', 'Z5'),
(1311, '2024-03-03', NULL, 15, 'A1', 'Z1'),
(1312, '2024-03-03', NULL, 16, 'A2', 'Z2'),
(1313, '2024-03-03', NULL, 1, 'A3', 'Z3'),
(1314, '2024-03-03', NULL, 2, 'A4', 'Z4'),
(1315, '2024-03-03', NULL, 3, 'A5', 'Z5'),
(1316, '2024-03-03', NULL, 4, 'A1', 'Z1'),
(1317, '2024-03-03', NULL, 5, 'A2', 'Z2'),
(1318, '2024-03-03', NULL, 6, 'A3', 'Z3'),
(1319, '2024-03-03', NULL, 7, 'A4', 'Z4'),
(1320, '2024-03-03', NULL, 8, 'A5', 'Z5'),
(1321, '2024-03-03', NULL, 9, 'A1', 'Z1'),
(1322, '2024-03-03', NULL, 10, 'A2', 'Z2'),
(1323, '2024-03-03', NULL, 11, 'A3', 'Z3'),
(1324, '2024-03-03', NULL, 12, 'A4', 'Z4'),
(1325, '2024-03-03', NULL, 13, 'A5', 'Z5'),
(1326, '2024-03-03', NULL, 14, 'A1', 'Z1'),
(1327, '2024-03-03', NULL, 15, 'A2', 'Z2'),
(1328, '2024-03-03', NULL, 16, 'A3', 'Z3'),
(1329, '2024-03-03', NULL, 1, 'A4', 'Z4'),
(1330, '2024-03-03', NULL, 2, 'A5', 'Z5'),
(1331, '2024-03-03', NULL, 3, 'A1', 'Z1'),
(1332, '2024-03-03', NULL, 4, 'A2', 'Z2'),
(1333, '2024-03-03', NULL, 5, 'A3', 'Z3'),
(1334, '2024-03-03', NULL, 6, 'A4', 'Z4'),
(1335, '2024-03-03', NULL, 7, 'A5', 'Z5'),
(1336, '2024-03-03', NULL, 8, 'A1', 'Z1'),
(1337, '2024-03-03', NULL, 9, 'A2', 'Z2'),
(1338, '2024-03-03', NULL, 10, 'A3', 'Z3'),
(1339, '2024-03-03', NULL, 11, 'A4', 'Z4'),
(1340, '2024-03-03', NULL, 12, 'A5', 'Z5'),
(1341, '2024-03-03', NULL, 13, 'A1', 'Z1'),
(1342, '2024-03-03', NULL, 14, 'A2', 'Z2'),
(1343, '2024-03-03', NULL, 15, 'A3', 'Z3'),
(1344, '2024-03-03', NULL, 16, 'A4', 'Z4'),
(1345, '2024-03-03', NULL, 1, 'A5', 'Z5'),
(1346, '2024-03-03', NULL, 2, 'A1', 'Z1'),
(1347, '2024-03-03', NULL, 3, 'A2', 'Z2'),
(1348, '2024-03-03', NULL, 4, 'A3', 'Z3'),
(1349, '2024-03-03', NULL, 5, 'A4', 'Z4'),
(1350, '2024-03-03', NULL, 6, 'A5', 'Z5'),
(1351, '2024-03-04', NULL, 7, 'A1', 'Z1'),
(1352, '2024-03-04', NULL, 8, 'A2', 'Z2'),
(1353, '2024-03-04', NULL, 9, 'A3', 'Z3'),
(1354, '2024-03-04', NULL, 10, 'A4', 'Z4'),
(1355, '2024-03-04', NULL, 11, 'A5', 'Z5'),
(1356, '2024-03-04', NULL, 12, 'A1', 'Z1'),
(1357, '2024-03-04', NULL, 13, 'A2', 'Z2'),
(1358, '2024-03-04', NULL, 14, 'A3', 'Z3'),
(1359, '2024-03-04', NULL, 15, 'A4', 'Z4'),
(1360, '2024-03-04', NULL, 16, 'A5', 'Z5'),
(1361, '2024-03-04', NULL, 1, 'A1', 'Z1'),
(1362, '2024-03-04', NULL, 2, 'A2', 'Z2'),
(1363, '2024-03-04', NULL, 3, 'A3', 'Z3'),
(1364, '2024-03-04', NULL, 4, 'A4', 'Z4'),
(1365, '2024-03-04', NULL, 5, 'A5', 'Z5'),
(1366, '2024-03-04', NULL, 6, 'A1', 'Z1'),
(1367, '2024-03-04', NULL, 7, 'A2', 'Z2'),
(1368, '2024-03-04', NULL, 8, 'A3', 'Z3'),
(1369, '2024-03-04', NULL, 9, 'A4', 'Z4'),
(1370, '2024-03-04', NULL, 10, 'A5', 'Z5'),
(1371, '2024-03-04', NULL, 11, 'A1', 'Z1'),
(1372, '2024-03-04', NULL, 12, 'A2', 'Z2'),
(1373, '2024-03-04', NULL, 13, 'A3', 'Z3'),
(1374, '2024-03-04', NULL, 14, 'A4', 'Z4'),
(1375, '2024-03-04', NULL, 15, 'A5', 'Z5'),
(1376, '2024-03-04', NULL, 16, 'A1', 'Z1'),
(1377, '2024-03-04', NULL, 1, 'A2', 'Z2'),
(1378, '2024-03-04', NULL, 2, 'A3', 'Z3'),
(1379, '2024-03-04', NULL, 3, 'A4', 'Z4'),
(1380, '2024-03-04', NULL, 4, 'A5', 'Z5'),
(1381, '2024-03-04', NULL, 5, 'A1', 'Z1'),
(1382, '2024-03-04', NULL, 6, 'A2', 'Z2'),
(1383, '2024-03-04', NULL, 7, 'A3', 'Z3'),
(1384, '2024-03-04', NULL, 8, 'A4', 'Z4'),
(1385, '2024-03-04', NULL, 9, 'A5', 'Z5'),
(1386, '2024-03-04', NULL, 10, 'A1', 'Z1'),
(1387, '2024-03-04', NULL, 11, 'A2', 'Z2'),
(1388, '2024-03-04', NULL, 12, 'A3', 'Z3'),
(1389, '2024-03-04', NULL, 13, 'A4', 'Z4'),
(1390, '2024-03-04', NULL, 14, 'A5', 'Z5'),
(1391, '2024-03-04', NULL, 15, 'A1', 'Z1'),
(1392, '2024-03-04', NULL, 16, 'A2', 'Z2'),
(1393, '2024-03-04', NULL, 1, 'A3', 'Z3'),
(1394, '2024-03-04', NULL, 2, 'A4', 'Z4'),
(1395, '2024-03-04', NULL, 3, 'A5', 'Z5'),
(1396, '2024-03-04', NULL, 4, 'A1', 'Z1'),
(1397, '2024-03-04', NULL, 5, 'A2', 'Z2'),
(1398, '2024-03-04', NULL, 6, 'A3', 'Z3'),
(1399, '2024-03-04', NULL, 7, 'A4', 'Z4'),
(1400, '2024-03-04', NULL, 8, 'A5', 'Z5'),
(1401, '2024-03-04', NULL, 9, 'A1', 'Z1'),
(1402, '2024-03-04', NULL, 10, 'A2', 'Z2'),
(1403, '2024-03-04', NULL, 11, 'A3', 'Z3'),
(1404, '2024-03-04', NULL, 12, 'A4', 'Z4'),
(1405, '2024-03-04', NULL, 13, 'A5', 'Z5'),
(1406, '2024-03-04', NULL, 14, 'A1', 'Z1'),
(1407, '2024-03-04', NULL, 15, 'A2', 'Z2'),
(1408, '2024-03-04', NULL, 16, 'A3', 'Z3'),
(1409, '2024-03-04', NULL, 1, 'A4', 'Z4'),
(1410, '2024-03-04', NULL, 2, 'A5', 'Z5'),
(1411, '2024-03-04', NULL, 3, 'A1', 'Z1'),
(1412, '2024-03-04', NULL, 4, 'A2', 'Z2'),
(1413, '2024-03-04', NULL, 5, 'A3', 'Z3'),
(1414, '2024-03-04', NULL, 6, 'A4', 'Z4'),
(1415, '2024-03-04', NULL, 7, 'A5', 'Z5'),
(1416, '2024-03-04', NULL, 8, 'A1', 'Z1'),
(1417, '2024-03-04', NULL, 9, 'A2', 'Z2'),
(1418, '2024-03-04', NULL, 10, 'A3', 'Z3'),
(1419, '2024-03-04', NULL, 11, 'A4', 'Z4'),
(1420, '2024-03-04', NULL, 12, 'A5', 'Z5'),
(1421, '2024-03-04', NULL, 13, 'A1', 'Z1'),
(1422, '2024-03-04', NULL, 14, 'A2', 'Z2'),
(1423, '2024-03-04', NULL, 15, 'A3', 'Z3'),
(1424, '2024-03-04', NULL, 16, 'A4', 'Z4'),
(1425, '2024-03-04', NULL, 1, 'A5', 'Z5'),
(1426, '2024-03-05', NULL, 2, 'A1', 'Z1'),
(1427, '2024-03-05', NULL, 3, 'A2', 'Z2'),
(1428, '2024-03-05', NULL, 4, 'A3', 'Z3'),
(1429, '2024-03-05', NULL, 5, 'A4', 'Z4'),
(1430, '2024-03-05', NULL, 6, 'A5', 'Z5'),
(1431, '2024-03-05', NULL, 7, 'A1', 'Z1'),
(1432, '2024-03-05', NULL, 8, 'A2', 'Z2'),
(1433, '2024-03-05', NULL, 9, 'A3', 'Z3'),
(1434, '2024-03-05', NULL, 10, 'A4', 'Z4'),
(1435, '2024-03-05', NULL, 11, 'A5', 'Z5'),
(1436, '2024-03-05', NULL, 12, 'A1', 'Z1'),
(1437, '2024-03-05', NULL, 13, 'A2', 'Z2'),
(1438, '2024-03-05', NULL, 14, 'A3', 'Z3'),
(1439, '2024-03-05', NULL, 15, 'A4', 'Z4'),
(1440, '2024-03-05', NULL, 16, 'A5', 'Z5'),
(1441, '2024-03-05', NULL, 1, 'A1', 'Z1'),
(1442, '2024-03-05', NULL, 2, 'A2', 'Z2'),
(1443, '2024-03-05', NULL, 3, 'A3', 'Z3'),
(1444, '2024-03-05', NULL, 4, 'A4', 'Z4'),
(1445, '2024-03-05', NULL, 5, 'A5', 'Z5'),
(1446, '2024-03-05', NULL, 6, 'A1', 'Z1'),
(1447, '2024-03-05', NULL, 7, 'A2', 'Z2'),
(1448, '2024-03-05', NULL, 8, 'A3', 'Z3'),
(1449, '2024-03-05', NULL, 9, 'A4', 'Z4'),
(1450, '2024-03-05', NULL, 10, 'A5', 'Z5'),
(1451, '2024-03-05', NULL, 11, 'A1', 'Z1'),
(1452, '2024-03-05', NULL, 12, 'A2', 'Z2'),
(1453, '2024-03-05', NULL, 13, 'A3', 'Z3'),
(1454, '2024-03-05', NULL, 14, 'A4', 'Z4'),
(1455, '2024-03-05', NULL, 15, 'A5', 'Z5'),
(1456, '2024-03-05', NULL, 16, 'A1', 'Z1'),
(1457, '2024-03-05', NULL, 1, 'A2', 'Z2'),
(1458, '2024-03-05', NULL, 2, 'A3', 'Z3'),
(1459, '2024-03-05', NULL, 3, 'A4', 'Z4'),
(1460, '2024-03-05', NULL, 4, 'A5', 'Z5'),
(1461, '2024-03-05', NULL, 5, 'A1', 'Z1'),
(1462, '2024-03-05', NULL, 6, 'A2', 'Z2'),
(1463, '2024-03-05', NULL, 7, 'A3', 'Z3'),
(1464, '2024-03-05', NULL, 8, 'A4', 'Z4'),
(1465, '2024-03-05', NULL, 9, 'A5', 'Z5'),
(1466, '2024-03-05', NULL, 10, 'A1', 'Z1'),
(1467, '2024-03-05', NULL, 11, 'A2', 'Z2'),
(1468, '2024-03-05', NULL, 12, 'A3', 'Z3'),
(1469, '2024-03-05', NULL, 13, 'A4', 'Z4'),
(1470, '2024-03-05', NULL, 14, 'A5', 'Z5'),
(1471, '2024-03-05', NULL, 15, 'A1', 'Z1'),
(1472, '2024-03-05', NULL, 16, 'A2', 'Z2'),
(1473, '2024-03-05', NULL, 1, 'A3', 'Z3'),
(1474, '2024-03-05', NULL, 2, 'A4', 'Z4'),
(1475, '2024-03-05', NULL, 3, 'A5', 'Z5'),
(1476, '2024-03-05', NULL, 4, 'A1', 'Z1'),
(1477, '2024-03-05', NULL, 5, 'A2', 'Z2'),
(1478, '2024-03-05', NULL, 6, 'A3', 'Z3'),
(1479, '2024-03-05', NULL, 7, 'A4', 'Z4'),
(1480, '2024-03-05', NULL, 8, 'A5', 'Z5'),
(1481, '2024-03-05', NULL, 9, 'A1', 'Z1'),
(1482, '2024-03-05', NULL, 10, 'A2', 'Z2'),
(1483, '2024-03-05', NULL, 11, 'A3', 'Z3'),
(1484, '2024-03-05', NULL, 12, 'A4', 'Z4'),
(1485, '2024-03-05', NULL, 13, 'A5', 'Z5'),
(1486, '2024-03-05', NULL, 14, 'A1', 'Z1'),
(1487, '2024-03-05', NULL, 15, 'A2', 'Z2'),
(1488, '2024-03-05', NULL, 16, 'A3', 'Z3'),
(1489, '2024-03-05', NULL, 1, 'A4', 'Z4'),
(1490, '2024-03-05', NULL, 2, 'A5', 'Z5'),
(1491, '2024-03-05', NULL, 3, 'A1', 'Z1'),
(1492, '2024-03-05', NULL, 4, 'A2', 'Z2'),
(1493, '2024-03-05', NULL, 5, 'A3', 'Z3'),
(1494, '2024-03-05', NULL, 6, 'A4', 'Z4'),
(1495, '2024-03-05', NULL, 7, 'A5', 'Z5'),
(1496, '2024-03-05', NULL, 8, 'A1', 'Z1'),
(1497, '2024-03-05', NULL, 9, 'A2', 'Z2'),
(1498, '2024-03-05', NULL, 10, 'A3', 'Z3'),
(1499, '2024-03-05', NULL, 11, 'A4', 'Z4'),
(1500, '2024-03-05', NULL, 12, 'A5', 'Z5');

-- --------------------------------------------------------

--
-- Estructura de tabla para la tabla `sarrera`
--

CREATE TABLE `sarrera` (
  `sarrera_id` smallint(5) UNSIGNED NOT NULL,
  `erosketak_id` smallint(5) UNSIGNED NOT NULL,
  `saioa_id` smallint(5) UNSIGNED DEFAULT NULL,
  `kant_sr` smallint(6) NOT NULL
) ENGINE=InnoDB DEFAULT CHARSET=utf8mb4 COLLATE=utf8mb4_spanish2_ci;

--
-- Volcado de datos para la tabla `sarrera`
--

INSERT INTO `sarrera` (`sarrera_id`, `erosketak_id`, `saioa_id`, `kant_sr`) VALUES
(1, 1, 1, 3),
(2, 12, 7, 8),
(3, 13, 13, 9),
(4, 4, 19, 1),
(5, 5, 25, 4),
(6, 6, 26, 2),
(7, 7, 32, 3),
(8, 8, 50, 4),
(9, 9, 63, 5),
(10, 11, 100, 2);

-- --------------------------------------------------------

--
-- Estructura de tabla para la tabla `zinema`
--

CREATE TABLE `zinema` (
  `zinema_id` varchar(2) COLLATE utf8mb4_spanish2_ci NOT NULL,
  `izena` varchar(30) COLLATE utf8mb4_spanish2_ci DEFAULT NULL,
  `email` varchar(50) COLLATE utf8mb4_spanish2_ci DEFAULT NULL,
  `telefonoa` varchar(9) COLLATE utf8mb4_spanish2_ci DEFAULT NULL,
  `herria` varchar(20) COLLATE utf8mb4_spanish2_ci DEFAULT NULL,
  `Kalea` varchar(20) COLLATE utf8mb4_spanish2_ci DEFAULT NULL,
  `zenbakia` smallint(6) DEFAULT NULL,
  `youtube` varchar(30) COLLATE utf8mb4_spanish2_ci DEFAULT NULL,
  `twitter` varchar(30) COLLATE utf8mb4_spanish2_ci DEFAULT NULL,
  `instagram` varchar(30) COLLATE utf8mb4_spanish2_ci DEFAULT NULL,
  `facebook` varchar(30) COLLATE utf8mb4_spanish2_ci DEFAULT NULL
) ENGINE=InnoDB DEFAULT CHARSET=utf8mb4 COLLATE=utf8mb4_spanish2_ci;

--
-- Volcado de datos para la tabla `zinema`
--

INSERT INTO `zinema` (`zinema_id`, `izena`, `email`, `telefonoa`, `herria`, `Kalea`, `zenbakia`, `youtube`, `twitter`, `instagram`, `facebook`) VALUES
('Z1', 'Elorrieta-errekamari zinema', 'zinemaelorrieta@gmail.com', '123456789', 'Bilbao', 'Lehendakari Agirre', 4, 'ElorrietaYt', 'ElorrietaTw', 'ElorrietaInsta', 'ElorrietaFace'),
('Z2', 'Basauri zinema', 'zinemabasauri@gmail.com', '123456789', 'Basauri', 'Pozokoetxe', 6, 'BasaurizinemaYt', 'BasaurizinemaTw', 'BasaurizinemaInsta', 'BasaurizinemaFace'),
('Z3', 'Ideal zinema', 'zinemaideal@gmail.com', '123456789', 'Bilbao', 'Juan Ajuriaguerra', 7, 'IdealYt', 'IdealTw', 'IdealInsta', 'IdealFace'),
('Z4', 'Portugalete zinema', 'zinemaportu@gmail.com', '123456789', 'Portugalete', 'Buenavista', 2, 'PortuzinemaYt', 'PortuzinemaTw', 'PortuzinemaInsta', 'PortuzinemaFace'),
('Z5', 'Gazteiz zinema', 'zinemagazteiz@gmail.com', '123456789', 'Gazteiz', 'La Musica Ibilbidea', 10, 'GazteizZinemaYt', 'GazteizZinemaTw', 'GazteizZinemaInsta', 'GazteizZinemaFace');

--
-- Índices para tablas volcadas
--

--
-- Indices de la tabla `aretoa`
--
ALTER TABLE `aretoa`
  ADD PRIMARY KEY (`zinema_id`,`aretoa_id`);

--
-- Indices de la tabla `bezeroa`
--
ALTER TABLE `bezeroa`
  ADD PRIMARY KEY (`Bezero_id`),
  ADD UNIQUE KEY `NAN` (`NAN`),
  ADD UNIQUE KEY `erabiltzailea` (`erabiltzailea`);

--
-- Indices de la tabla `erosketak`
--
ALTER TABLE `erosketak`
  ADD PRIMARY KEY (`erosketak_id`),
  ADD KEY `Bezero_id` (`Bezero_id`);

--
-- Indices de la tabla `filma`
--
ALTER TABLE `filma`
  ADD PRIMARY KEY (`filma_id`);

--
-- Indices de la tabla `saioa`
--
ALTER TABLE `saioa`
  ADD PRIMARY KEY (`saioa_id`),
  ADD KEY `filma_id` (`filma_id`),
  ADD KEY `zinema_id` (`zinema_id`,`aretoa_id`);

--
-- Indices de la tabla `sarrera`
--
ALTER TABLE `sarrera`
  ADD PRIMARY KEY (`sarrera_id`,`erosketak_id`),
  ADD KEY `erosketak_id` (`erosketak_id`),
  ADD KEY `saioa_id` (`saioa_id`);

--
-- Indices de la tabla `zinema`
--
ALTER TABLE `zinema`
  ADD PRIMARY KEY (`zinema_id`);

--
-- Restricciones para tablas volcadas
--

--
-- Filtros para la tabla `aretoa`
--
ALTER TABLE `aretoa`
  ADD CONSTRAINT `aretoa_ibfk_1` FOREIGN KEY (`zinema_id`) REFERENCES `zinema` (`zinema_id`) ON DELETE CASCADE ON UPDATE CASCADE;

--
-- Filtros para la tabla `erosketak`
--
ALTER TABLE `erosketak`
  ADD CONSTRAINT `erosketak_ibfk_1` FOREIGN KEY (`Bezero_id`) REFERENCES `bezeroa` (`Bezero_id`) ON DELETE CASCADE ON UPDATE CASCADE;

--
-- Filtros para la tabla `saioa`
--
ALTER TABLE `saioa`
  ADD CONSTRAINT `saioa_ibfk_1` FOREIGN KEY (`filma_id`) REFERENCES `filma` (`filma_id`) ON DELETE CASCADE ON UPDATE CASCADE,
  ADD CONSTRAINT `saioa_ibfk_2` FOREIGN KEY (`zinema_id`,`aretoa_id`) REFERENCES `aretoa` (`zinema_id`, `aretoa_id`) ON DELETE CASCADE ON UPDATE CASCADE;

--
-- Filtros para la tabla `sarrera`
--
ALTER TABLE `sarrera`
  ADD CONSTRAINT `sarrera_ibfk_1` FOREIGN KEY (`erosketak_id`) REFERENCES `erosketak` (`erosketak_id`) ON DELETE CASCADE ON UPDATE CASCADE,
  ADD CONSTRAINT `sarrera_ibfk_2` FOREIGN KEY (`saioa_id`) REFERENCES `saioa` (`saioa_id`) ON DELETE CASCADE ON UPDATE CASCADE;
COMMIT;

/*!40101 SET CHARACTER_SET_CLIENT=@OLD_CHARACTER_SET_CLIENT */;
/*!40101 SET CHARACTER_SET_RESULTS=@OLD_CHARACTER_SET_RESULTS */;
/*!40101 SET COLLATION_CONNECTION=@OLD_COLLATION_CONNECTION */;
